source,date,content,category,engagement_score,industry,concurrent_users_supported,source_url,cleaned_text,tokens,token_string,aspect
Meta Engineering,2024-01-01,"Meta Horizon Workrooms tested 1,000 concurrent VR meeting participants; server architecture uses microservices for horizontal scaling.",Infrastructure_Scaling,591,Enterprise,500-1000,https://engineering.fb.com/,meta horizon workrooms tested concurrent vr meeting participants server architecture uses microservices for horizontal scaling,"['meta', 'horizon', 'workroom', 'tested', 'concurrent', 'meeting', 'participant', 'server', 'architecture', 'us', 'microservices', 'horizontal', 'scaling']",meta horizon workroom tested concurrent meeting participant server architecture us microservices horizontal scaling,Infrastructure Scaling
MongoDB Blog,2024-01-02,Kubernetes orchestration scales XR backend services from 10 to 500 pods in 2 minutes during peak training session demand.,Infrastructure_Scaling,524,Entertainment,1000+,https://www.mongodb.com/blog,kubernetes orchestration scales xr backend services from to pods in minutes during peak training session demand,"['kubernetes', 'orchestration', 'scale', 'backend', 'service', 'pod', 'minute', 'peak', 'training', 'session', 'demand']",kubernetes orchestration scale backend service pod minute peak training session demand,Infrastructure Scaling
AWS Architecture,2024-01-03,"Database sharding required for XR spatial anchors; single MongoDB instance saturates at 50,000 anchor queries/sec.",Infrastructure_Scaling,311,Enterprise,1000+,https://aws.amazon.com/architecture/,database sharding required for xr spatial anchors single mongodb instance saturates at anchor queriessec,"['database', 'sharding', 'required', 'spatial', 'anchor', 'single', 'mongodb', 'instance', 'saturates', 'anchor', 'queriessec']",database sharding required spatial anchor single mongodb instance saturates anchor queriessec,Infrastructure Scaling
Meta Engineering,2024-01-04,"Load balancer with session affinity ensures XR users reconnect to same edge server after network handoff, preserving state.",Infrastructure_Scaling,515,Entertainment,1000+,https://engineering.fb.com/,load balancer with session affinity ensures xr users reconnect to same edge server after network handoff preserving state,"['load', 'balancer', 'session', 'affinity', 'ensures', 'user', 'reconnect', 'edge', 'server', 'network', 'handoff', 'preserving', 'state']",load balancer session affinity ensures user reconnect edge server network handoff preserving state,Infrastructure Scaling
MongoDB Blog,2024-01-05,Auto-scaling triggers at 70% CPU on XR rendering nodes; average scale-up latency 45 seconds before new capacity serves traffic.,Infrastructure_Scaling,824,Entertainment,10-100,https://www.mongodb.com/blog,autoscaling triggers at percentage cpu on xr rendering nodes average scaleup latency seconds before new capacity serves traffic,"['autoscaling', 'trigger', 'percentage', 'cpu', 'rendering', 'node', 'average', 'scaleup', 'latency', 'second', 'new', 'capacity', 'serf', 'traffic']",autoscaling trigger percentage cpu rendering node average scaleup latency second new capacity serf traffic,Infrastructure Scaling
Meta Engineering,2024-01-06,"Asset streaming architecture: 3D models loaded on-demand in 100KB chunks vs 500MB monolithic downloads, enabling lightweight clients.",Infrastructure_Scaling,501,Education,1000+,https://engineering.fb.com/,asset streaming architecture d models loaded ondemand in kb chunks vs bandwidth monolithic downloads enabling lightweight clients,"['asset', 'streaming', 'architecture', 'model', 'loaded', 'ondemand', 'chunk', 'bandwidth', 'monolithic', 'downloads', 'enabling', 'lightweight', 'client']",asset streaming architecture model loaded ondemand chunk bandwidth monolithic downloads enabling lightweight client,Infrastructure Scaling
Meta Engineering,2024-01-07,"Multi-region deployment: XR app available in US-East, EU-West, Asia-Pacific with <100ms cross-region database replication.",Infrastructure_Scaling,698,Collaboration,1000+,https://engineering.fb.com/,multiregion deployment xr app available in useast euwest asiapacific with latency crossregion database replication,"['multiregion', 'deployment', 'app', 'available', 'useast', 'euwest', 'asiapacific', 'latency', 'crossregion', 'database', 'replication']",multiregion deployment app available useast euwest asiapacific latency crossregion database replication,Infrastructure Scaling
AWS Architecture,2024-01-08,"Microservices pattern decouples XR authentication, rendering, and collaboration; teams deploy independently 20 times per day.",Infrastructure_Scaling,280,Entertainment,500-1000,https://aws.amazon.com/architecture/,microservices pattern decouples xr authentication rendering and collaboration teams deploy independently times per day,"['microservices', 'pattern', 'decouples', 'authentication', 'rendering', 'collaboration', 'team', 'deploy', 'independently', 'time', 'per', 'day']",microservices pattern decouples authentication rendering collaboration team deploy independently time per day,Infrastructure Scaling
Walmart Tech,2024-01-09,Spatial anchor cloud scales to 10M+ persistent locations; geospatial indexing with PostGIS enables <50ms anchor retrieval.,Infrastructure_Scaling,257,Education,1000+,https://tech.walmart.com/,spatial anchor cloud scales to m persistent locations geospatial indexing with postgis enables latency anchor retrieval,"['spatial', 'anchor', 'cloud', 'scale', 'persistent', 'location', 'geospatial', 'indexing', 'postgis', 'enables', 'latency', 'anchor', 'retrieval']",spatial anchor cloud scale persistent location geospatial indexing postgis enables latency anchor retrieval,Infrastructure Scaling
Walmart Tech,2024-01-10,"Bandwidth throttling protects XR infrastructure; premium users allocated 100 Mbps, free tier capped at 25 Mbps during congestion.",Infrastructure_Scaling,416,Collaboration,10-100,https://tech.walmart.com/,bandwidth throttling protects xr infrastructure premium users allocated mbps free tier capped at mbps during congestion,"['bandwidth', 'throttling', 'protects', 'infrastructure', 'premium', 'user', 'allocated', 'mbps', 'free', 'tier', 'capped', 'mbps', 'congestion']",bandwidth throttling protects infrastructure premium user allocated mbps free tier capped mbps congestion,Infrastructure Scaling
Meta Engineering,2024-01-11,Chaos engineering: randomly terminating XR rendering pods validated graceful degradation; users experienced <3 second reconnect.,Infrastructure_Scaling,359,Entertainment,10-100,https://engineering.fb.com/,chaos engineering randomly terminating xr rendering pods validated graceful degradation users experienced second reconnect,"['chaos', 'engineering', 'randomly', 'terminating', 'rendering', 'pod', 'validated', 'graceful', 'degradation', 'user', 'experienced', 'second', 'reconnect']",chaos engineering randomly terminating rendering pod validated graceful degradation user experienced second reconnect,Infrastructure Scaling
Kubernetes Blog,2024-01-12,"Enterprise deployment: Walmart trained 1M+ employees on VR across 4,700 stores using centralized XR content management system.",Infrastructure_Scaling,165,Entertainment,500-1000,https://kubernetes.io/blog/,enterprise deployment walmart trained m employees on vr across stores using centralized xr content management system,"['enterprise', 'deployment', 'walmart', 'trained', 'employee', 'across', 'store', 'using', 'centralized', 'content', 'management']",enterprise deployment walmart trained employee across store using centralized content management,Infrastructure Scaling
MongoDB Blog,2024-01-13,"Meta Horizon Workrooms tested 1,000 concurrent VR meeting participants; server architecture uses microservices for horizontal scaling.",Infrastructure_Scaling,660,Enterprise,1000+,https://www.mongodb.com/blog,meta horizon workrooms tested concurrent vr meeting participants server architecture uses microservices for horizontal scaling,"['meta', 'horizon', 'workroom', 'tested', 'concurrent', 'meeting', 'participant', 'server', 'architecture', 'us', 'microservices', 'horizontal', 'scaling']",meta horizon workroom tested concurrent meeting participant server architecture us microservices horizontal scaling,Infrastructure Scaling
Kubernetes Blog,2024-01-14,Kubernetes orchestration scales XR backend services from 10 to 500 pods in 2 minutes during peak training session demand.,Infrastructure_Scaling,149,Enterprise,1000+,https://kubernetes.io/blog/,kubernetes orchestration scales xr backend services from to pods in minutes during peak training session demand,"['kubernetes', 'orchestration', 'scale', 'backend', 'service', 'pod', 'minute', 'peak', 'training', 'session', 'demand']",kubernetes orchestration scale backend service pod minute peak training session demand,Infrastructure Scaling
Kubernetes Blog,2024-01-15,"Database sharding required for XR spatial anchors; single MongoDB instance saturates at 50,000 anchor queries/sec.",Infrastructure_Scaling,517,Collaboration,10-100,https://kubernetes.io/blog/,database sharding required for xr spatial anchors single mongodb instance saturates at anchor queriessec,"['database', 'sharding', 'required', 'spatial', 'anchor', 'single', 'mongodb', 'instance', 'saturates', 'anchor', 'queriessec']",database sharding required spatial anchor single mongodb instance saturates anchor queriessec,Infrastructure Scaling
Meta Engineering,2024-01-16,"Load balancer with session affinity ensures XR users reconnect to same edge server after network handoff, preserving state.",Infrastructure_Scaling,772,Entertainment,1000+,https://engineering.fb.com/,load balancer with session affinity ensures xr users reconnect to same edge server after network handoff preserving state,"['load', 'balancer', 'session', 'affinity', 'ensures', 'user', 'reconnect', 'edge', 'server', 'network', 'handoff', 'preserving', 'state']",load balancer session affinity ensures user reconnect edge server network handoff preserving state,Infrastructure Scaling
Meta Engineering,2024-01-17,Auto-scaling triggers at 70% CPU on XR rendering nodes; average scale-up latency 45 seconds before new capacity serves traffic.,Infrastructure_Scaling,776,Retail,1000+,https://engineering.fb.com/,autoscaling triggers at percentage cpu on xr rendering nodes average scaleup latency seconds before new capacity serves traffic,"['autoscaling', 'trigger', 'percentage', 'cpu', 'rendering', 'node', 'average', 'scaleup', 'latency', 'second', 'new', 'capacity', 'serf', 'traffic']",autoscaling trigger percentage cpu rendering node average scaleup latency second new capacity serf traffic,Infrastructure Scaling
Meta Engineering,2024-01-18,"Asset streaming architecture: 3D models loaded on-demand in 100KB chunks vs 500MB monolithic downloads, enabling lightweight clients.",Infrastructure_Scaling,821,Enterprise,1000+,https://engineering.fb.com/,asset streaming architecture d models loaded ondemand in kb chunks vs bandwidth monolithic downloads enabling lightweight clients,"['asset', 'streaming', 'architecture', 'model', 'loaded', 'ondemand', 'chunk', 'bandwidth', 'monolithic', 'downloads', 'enabling', 'lightweight', 'client']",asset streaming architecture model loaded ondemand chunk bandwidth monolithic downloads enabling lightweight client,Infrastructure Scaling
Meta Engineering,2024-01-19,"Multi-region deployment: XR app available in US-East, EU-West, Asia-Pacific with <100ms cross-region database replication.",Infrastructure_Scaling,723,Collaboration,100-500,https://engineering.fb.com/,multiregion deployment xr app available in useast euwest asiapacific with latency crossregion database replication,"['multiregion', 'deployment', 'app', 'available', 'useast', 'euwest', 'asiapacific', 'latency', 'crossregion', 'database', 'replication']",multiregion deployment app available useast euwest asiapacific latency crossregion database replication,Infrastructure Scaling
Walmart Tech,2024-01-20,"Microservices pattern decouples XR authentication, rendering, and collaboration; teams deploy independently 20 times per day.",Infrastructure_Scaling,291,Entertainment,500-1000,https://tech.walmart.com/,microservices pattern decouples xr authentication rendering and collaboration teams deploy independently times per day,"['microservices', 'pattern', 'decouples', 'authentication', 'rendering', 'collaboration', 'team', 'deploy', 'independently', 'time', 'per', 'day']",microservices pattern decouples authentication rendering collaboration team deploy independently time per day,Infrastructure Scaling
Meta Engineering,2024-01-21,Spatial anchor cloud scales to 10M+ persistent locations; geospatial indexing with PostGIS enables <50ms anchor retrieval.,Infrastructure_Scaling,188,Entertainment,100-500,https://engineering.fb.com/,spatial anchor cloud scales to m persistent locations geospatial indexing with postgis enables latency anchor retrieval,"['spatial', 'anchor', 'cloud', 'scale', 'persistent', 'location', 'geospatial', 'indexing', 'postgis', 'enables', 'latency', 'anchor', 'retrieval']",spatial anchor cloud scale persistent location geospatial indexing postgis enables latency anchor retrieval,Infrastructure Scaling
Walmart Tech,2024-01-22,"Bandwidth throttling protects XR infrastructure; premium users allocated 100 Mbps, free tier capped at 25 Mbps during congestion.",Infrastructure_Scaling,293,Retail,500-1000,https://tech.walmart.com/,bandwidth throttling protects xr infrastructure premium users allocated mbps free tier capped at mbps during congestion,"['bandwidth', 'throttling', 'protects', 'infrastructure', 'premium', 'user', 'allocated', 'mbps', 'free', 'tier', 'capped', 'mbps', 'congestion']",bandwidth throttling protects infrastructure premium user allocated mbps free tier capped mbps congestion,Infrastructure Scaling
Walmart Tech,2024-01-23,Chaos engineering: randomly terminating XR rendering pods validated graceful degradation; users experienced <3 second reconnect.,Infrastructure_Scaling,432,Collaboration,10-100,https://tech.walmart.com/,chaos engineering randomly terminating xr rendering pods validated graceful degradation users experienced second reconnect,"['chaos', 'engineering', 'randomly', 'terminating', 'rendering', 'pod', 'validated', 'graceful', 'degradation', 'user', 'experienced', 'second', 'reconnect']",chaos engineering randomly terminating rendering pod validated graceful degradation user experienced second reconnect,Infrastructure Scaling
Meta Engineering,2024-01-24,"Enterprise deployment: Walmart trained 1M+ employees on VR across 4,700 stores using centralized XR content management system.",Infrastructure_Scaling,719,Entertainment,1000+,https://engineering.fb.com/,enterprise deployment walmart trained m employees on vr across stores using centralized xr content management system,"['enterprise', 'deployment', 'walmart', 'trained', 'employee', 'across', 'store', 'using', 'centralized', 'content', 'management']",enterprise deployment walmart trained employee across store using centralized content management,Infrastructure Scaling
AWS Architecture,2024-01-25,"Meta Horizon Workrooms tested 1,000 concurrent VR meeting participants; server architecture uses microservices for horizontal scaling.",Infrastructure_Scaling,189,Enterprise,500-1000,https://aws.amazon.com/architecture/,meta horizon workrooms tested concurrent vr meeting participants server architecture uses microservices for horizontal scaling,"['meta', 'horizon', 'workroom', 'tested', 'concurrent', 'meeting', 'participant', 'server', 'architecture', 'us', 'microservices', 'horizontal', 'scaling']",meta horizon workroom tested concurrent meeting participant server architecture us microservices horizontal scaling,Infrastructure Scaling
MongoDB Blog,2024-01-26,Kubernetes orchestration scales XR backend services from 10 to 500 pods in 2 minutes during peak training session demand.,Infrastructure_Scaling,803,Retail,100-500,https://www.mongodb.com/blog,kubernetes orchestration scales xr backend services from to pods in minutes during peak training session demand,"['kubernetes', 'orchestration', 'scale', 'backend', 'service', 'pod', 'minute', 'peak', 'training', 'session', 'demand']",kubernetes orchestration scale backend service pod minute peak training session demand,Infrastructure Scaling
Kubernetes Blog,2024-01-27,"Database sharding required for XR spatial anchors; single MongoDB instance saturates at 50,000 anchor queries/sec.",Infrastructure_Scaling,670,Collaboration,1000+,https://kubernetes.io/blog/,database sharding required for xr spatial anchors single mongodb instance saturates at anchor queriessec,"['database', 'sharding', 'required', 'spatial', 'anchor', 'single', 'mongodb', 'instance', 'saturates', 'anchor', 'queriessec']",database sharding required spatial anchor single mongodb instance saturates anchor queriessec,Infrastructure Scaling
Walmart Tech,2024-01-28,"Load balancer with session affinity ensures XR users reconnect to same edge server after network handoff, preserving state.",Infrastructure_Scaling,751,Retail,10-100,https://tech.walmart.com/,load balancer with session affinity ensures xr users reconnect to same edge server after network handoff preserving state,"['load', 'balancer', 'session', 'affinity', 'ensures', 'user', 'reconnect', 'edge', 'server', 'network', 'handoff', 'preserving', 'state']",load balancer session affinity ensures user reconnect edge server network handoff preserving state,Infrastructure Scaling
MongoDB Blog,2024-01-29,Auto-scaling triggers at 70% CPU on XR rendering nodes; average scale-up latency 45 seconds before new capacity serves traffic.,Infrastructure_Scaling,199,Enterprise,500-1000,https://www.mongodb.com/blog,autoscaling triggers at percentage cpu on xr rendering nodes average scaleup latency seconds before new capacity serves traffic,"['autoscaling', 'trigger', 'percentage', 'cpu', 'rendering', 'node', 'average', 'scaleup', 'latency', 'second', 'new', 'capacity', 'serf', 'traffic']",autoscaling trigger percentage cpu rendering node average scaleup latency second new capacity serf traffic,Infrastructure Scaling
AWS Architecture,2024-01-30,"Asset streaming architecture: 3D models loaded on-demand in 100KB chunks vs 500MB monolithic downloads, enabling lightweight clients.",Infrastructure_Scaling,306,Collaboration,500-1000,https://aws.amazon.com/architecture/,asset streaming architecture d models loaded ondemand in kb chunks vs bandwidth monolithic downloads enabling lightweight clients,"['asset', 'streaming', 'architecture', 'model', 'loaded', 'ondemand', 'chunk', 'bandwidth', 'monolithic', 'downloads', 'enabling', 'lightweight', 'client']",asset streaming architecture model loaded ondemand chunk bandwidth monolithic downloads enabling lightweight client,Infrastructure Scaling
Kubernetes Blog,2024-01-31,"Multi-region deployment: XR app available in US-East, EU-West, Asia-Pacific with <100ms cross-region database replication.",Infrastructure_Scaling,341,Retail,500-1000,https://kubernetes.io/blog/,multiregion deployment xr app available in useast euwest asiapacific with latency crossregion database replication,"['multiregion', 'deployment', 'app', 'available', 'useast', 'euwest', 'asiapacific', 'latency', 'crossregion', 'database', 'replication']",multiregion deployment app available useast euwest asiapacific latency crossregion database replication,Infrastructure Scaling
Kubernetes Blog,2024-02-01,"Microservices pattern decouples XR authentication, rendering, and collaboration; teams deploy independently 20 times per day.",Infrastructure_Scaling,285,Education,1000+,https://kubernetes.io/blog/,microservices pattern decouples xr authentication rendering and collaboration teams deploy independently times per day,"['microservices', 'pattern', 'decouples', 'authentication', 'rendering', 'collaboration', 'team', 'deploy', 'independently', 'time', 'per', 'day']",microservices pattern decouples authentication rendering collaboration team deploy independently time per day,Infrastructure Scaling
Walmart Tech,2024-02-02,Spatial anchor cloud scales to 10M+ persistent locations; geospatial indexing with PostGIS enables <50ms anchor retrieval.,Infrastructure_Scaling,815,Enterprise,100-500,https://tech.walmart.com/,spatial anchor cloud scales to m persistent locations geospatial indexing with postgis enables latency anchor retrieval,"['spatial', 'anchor', 'cloud', 'scale', 'persistent', 'location', 'geospatial', 'indexing', 'postgis', 'enables', 'latency', 'anchor', 'retrieval']",spatial anchor cloud scale persistent location geospatial indexing postgis enables latency anchor retrieval,Infrastructure Scaling
Meta Engineering,2024-02-03,"Bandwidth throttling protects XR infrastructure; premium users allocated 100 Mbps, free tier capped at 25 Mbps during congestion.",Infrastructure_Scaling,578,Enterprise,100-500,https://engineering.fb.com/,bandwidth throttling protects xr infrastructure premium users allocated mbps free tier capped at mbps during congestion,"['bandwidth', 'throttling', 'protects', 'infrastructure', 'premium', 'user', 'allocated', 'mbps', 'free', 'tier', 'capped', 'mbps', 'congestion']",bandwidth throttling protects infrastructure premium user allocated mbps free tier capped mbps congestion,Infrastructure Scaling
AWS Architecture,2024-02-04,Chaos engineering: randomly terminating XR rendering pods validated graceful degradation; users experienced <3 second reconnect.,Infrastructure_Scaling,381,Enterprise,500-1000,https://aws.amazon.com/architecture/,chaos engineering randomly terminating xr rendering pods validated graceful degradation users experienced second reconnect,"['chaos', 'engineering', 'randomly', 'terminating', 'rendering', 'pod', 'validated', 'graceful', 'degradation', 'user', 'experienced', 'second', 'reconnect']",chaos engineering randomly terminating rendering pod validated graceful degradation user experienced second reconnect,Infrastructure Scaling
Walmart Tech,2024-02-05,"Enterprise deployment: Walmart trained 1M+ employees on VR across 4,700 stores using centralized XR content management system.",Infrastructure_Scaling,720,Education,10-100,https://tech.walmart.com/,enterprise deployment walmart trained m employees on vr across stores using centralized xr content management system,"['enterprise', 'deployment', 'walmart', 'trained', 'employee', 'across', 'store', 'using', 'centralized', 'content', 'management']",enterprise deployment walmart trained employee across store using centralized content management,Infrastructure Scaling
AWS Architecture,2024-02-06,"Meta Horizon Workrooms tested 1,000 concurrent VR meeting participants; server architecture uses microservices for horizontal scaling.",Infrastructure_Scaling,826,Education,10-100,https://aws.amazon.com/architecture/,meta horizon workrooms tested concurrent vr meeting participants server architecture uses microservices for horizontal scaling,"['meta', 'horizon', 'workroom', 'tested', 'concurrent', 'meeting', 'participant', 'server', 'architecture', 'us', 'microservices', 'horizontal', 'scaling']",meta horizon workroom tested concurrent meeting participant server architecture us microservices horizontal scaling,Infrastructure Scaling
Meta Engineering,2024-02-07,Kubernetes orchestration scales XR backend services from 10 to 500 pods in 2 minutes during peak training session demand.,Infrastructure_Scaling,700,Entertainment,100-500,https://engineering.fb.com/,kubernetes orchestration scales xr backend services from to pods in minutes during peak training session demand,"['kubernetes', 'orchestration', 'scale', 'backend', 'service', 'pod', 'minute', 'peak', 'training', 'session', 'demand']",kubernetes orchestration scale backend service pod minute peak training session demand,Infrastructure Scaling
Meta Engineering,2024-02-08,"Database sharding required for XR spatial anchors; single MongoDB instance saturates at 50,000 anchor queries/sec.",Infrastructure_Scaling,622,Retail,10-100,https://engineering.fb.com/,database sharding required for xr spatial anchors single mongodb instance saturates at anchor queriessec,"['database', 'sharding', 'required', 'spatial', 'anchor', 'single', 'mongodb', 'instance', 'saturates', 'anchor', 'queriessec']",database sharding required spatial anchor single mongodb instance saturates anchor queriessec,Infrastructure Scaling
Walmart Tech,2024-02-09,"Load balancer with session affinity ensures XR users reconnect to same edge server after network handoff, preserving state.",Infrastructure_Scaling,247,Entertainment,100-500,https://tech.walmart.com/,load balancer with session affinity ensures xr users reconnect to same edge server after network handoff preserving state,"['load', 'balancer', 'session', 'affinity', 'ensures', 'user', 'reconnect', 'edge', 'server', 'network', 'handoff', 'preserving', 'state']",load balancer session affinity ensures user reconnect edge server network handoff preserving state,Infrastructure Scaling
Meta Engineering,2024-02-10,Auto-scaling triggers at 70% CPU on XR rendering nodes; average scale-up latency 45 seconds before new capacity serves traffic.,Infrastructure_Scaling,365,Retail,500-1000,https://engineering.fb.com/,autoscaling triggers at percentage cpu on xr rendering nodes average scaleup latency seconds before new capacity serves traffic,"['autoscaling', 'trigger', 'percentage', 'cpu', 'rendering', 'node', 'average', 'scaleup', 'latency', 'second', 'new', 'capacity', 'serf', 'traffic']",autoscaling trigger percentage cpu rendering node average scaleup latency second new capacity serf traffic,Infrastructure Scaling
MongoDB Blog,2024-02-11,"Asset streaming architecture: 3D models loaded on-demand in 100KB chunks vs 500MB monolithic downloads, enabling lightweight clients.",Infrastructure_Scaling,812,Education,100-500,https://www.mongodb.com/blog,asset streaming architecture d models loaded ondemand in kb chunks vs bandwidth monolithic downloads enabling lightweight clients,"['asset', 'streaming', 'architecture', 'model', 'loaded', 'ondemand', 'chunk', 'bandwidth', 'monolithic', 'downloads', 'enabling', 'lightweight', 'client']",asset streaming architecture model loaded ondemand chunk bandwidth monolithic downloads enabling lightweight client,Infrastructure Scaling
Kubernetes Blog,2024-02-12,"Multi-region deployment: XR app available in US-East, EU-West, Asia-Pacific with <100ms cross-region database replication.",Infrastructure_Scaling,770,Education,100-500,https://kubernetes.io/blog/,multiregion deployment xr app available in useast euwest asiapacific with latency crossregion database replication,"['multiregion', 'deployment', 'app', 'available', 'useast', 'euwest', 'asiapacific', 'latency', 'crossregion', 'database', 'replication']",multiregion deployment app available useast euwest asiapacific latency crossregion database replication,Infrastructure Scaling
Walmart Tech,2024-02-13,"Microservices pattern decouples XR authentication, rendering, and collaboration; teams deploy independently 20 times per day.",Infrastructure_Scaling,800,Entertainment,500-1000,https://tech.walmart.com/,microservices pattern decouples xr authentication rendering and collaboration teams deploy independently times per day,"['microservices', 'pattern', 'decouples', 'authentication', 'rendering', 'collaboration', 'team', 'deploy', 'independently', 'time', 'per', 'day']",microservices pattern decouples authentication rendering collaboration team deploy independently time per day,Infrastructure Scaling
AWS Architecture,2024-02-14,Spatial anchor cloud scales to 10M+ persistent locations; geospatial indexing with PostGIS enables <50ms anchor retrieval.,Infrastructure_Scaling,801,Collaboration,10-100,https://aws.amazon.com/architecture/,spatial anchor cloud scales to m persistent locations geospatial indexing with postgis enables latency anchor retrieval,"['spatial', 'anchor', 'cloud', 'scale', 'persistent', 'location', 'geospatial', 'indexing', 'postgis', 'enables', 'latency', 'anchor', 'retrieval']",spatial anchor cloud scale persistent location geospatial indexing postgis enables latency anchor retrieval,Infrastructure Scaling
MongoDB Blog,2024-02-15,"Bandwidth throttling protects XR infrastructure; premium users allocated 100 Mbps, free tier capped at 25 Mbps during congestion.",Infrastructure_Scaling,571,Entertainment,100-500,https://www.mongodb.com/blog,bandwidth throttling protects xr infrastructure premium users allocated mbps free tier capped at mbps during congestion,"['bandwidth', 'throttling', 'protects', 'infrastructure', 'premium', 'user', 'allocated', 'mbps', 'free', 'tier', 'capped', 'mbps', 'congestion']",bandwidth throttling protects infrastructure premium user allocated mbps free tier capped mbps congestion,Infrastructure Scaling
Walmart Tech,2024-02-16,Chaos engineering: randomly terminating XR rendering pods validated graceful degradation; users experienced <3 second reconnect.,Infrastructure_Scaling,794,Retail,100-500,https://tech.walmart.com/,chaos engineering randomly terminating xr rendering pods validated graceful degradation users experienced second reconnect,"['chaos', 'engineering', 'randomly', 'terminating', 'rendering', 'pod', 'validated', 'graceful', 'degradation', 'user', 'experienced', 'second', 'reconnect']",chaos engineering randomly terminating rendering pod validated graceful degradation user experienced second reconnect,Infrastructure Scaling
Meta Engineering,2024-02-17,"Enterprise deployment: Walmart trained 1M+ employees on VR across 4,700 stores using centralized XR content management system.",Infrastructure_Scaling,558,Entertainment,500-1000,https://engineering.fb.com/,enterprise deployment walmart trained m employees on vr across stores using centralized xr content management system,"['enterprise', 'deployment', 'walmart', 'trained', 'employee', 'across', 'store', 'using', 'centralized', 'content', 'management']",enterprise deployment walmart trained employee across store using centralized content management,Infrastructure Scaling
Meta Engineering,2024-02-18,"Meta Horizon Workrooms tested 1,000 concurrent VR meeting participants; server architecture uses microservices for horizontal scaling.",Infrastructure_Scaling,594,Enterprise,10-100,https://engineering.fb.com/,meta horizon workrooms tested concurrent vr meeting participants server architecture uses microservices for horizontal scaling,"['meta', 'horizon', 'workroom', 'tested', 'concurrent', 'meeting', 'participant', 'server', 'architecture', 'us', 'microservices', 'horizontal', 'scaling']",meta horizon workroom tested concurrent meeting participant server architecture us microservices horizontal scaling,Infrastructure Scaling
Meta Engineering,2024-02-19,Kubernetes orchestration scales XR backend services from 10 to 500 pods in 2 minutes during peak training session demand.,Infrastructure_Scaling,299,Retail,100-500,https://engineering.fb.com/,kubernetes orchestration scales xr backend services from to pods in minutes during peak training session demand,"['kubernetes', 'orchestration', 'scale', 'backend', 'service', 'pod', 'minute', 'peak', 'training', 'session', 'demand']",kubernetes orchestration scale backend service pod minute peak training session demand,Infrastructure Scaling
Meta Engineering,2024-02-20,"Database sharding required for XR spatial anchors; single MongoDB instance saturates at 50,000 anchor queries/sec.",Infrastructure_Scaling,662,Retail,500-1000,https://engineering.fb.com/,database sharding required for xr spatial anchors single mongodb instance saturates at anchor queriessec,"['database', 'sharding', 'required', 'spatial', 'anchor', 'single', 'mongodb', 'instance', 'saturates', 'anchor', 'queriessec']",database sharding required spatial anchor single mongodb instance saturates anchor queriessec,Infrastructure Scaling
AWS Architecture,2024-02-21,"Load balancer with session affinity ensures XR users reconnect to same edge server after network handoff, preserving state.",Infrastructure_Scaling,789,Collaboration,100-500,https://aws.amazon.com/architecture/,load balancer with session affinity ensures xr users reconnect to same edge server after network handoff preserving state,"['load', 'balancer', 'session', 'affinity', 'ensures', 'user', 'reconnect', 'edge', 'server', 'network', 'handoff', 'preserving', 'state']",load balancer session affinity ensures user reconnect edge server network handoff preserving state,Infrastructure Scaling
MongoDB Blog,2024-02-22,Auto-scaling triggers at 70% CPU on XR rendering nodes; average scale-up latency 45 seconds before new capacity serves traffic.,Infrastructure_Scaling,729,Education,1000+,https://www.mongodb.com/blog,autoscaling triggers at percentage cpu on xr rendering nodes average scaleup latency seconds before new capacity serves traffic,"['autoscaling', 'trigger', 'percentage', 'cpu', 'rendering', 'node', 'average', 'scaleup', 'latency', 'second', 'new', 'capacity', 'serf', 'traffic']",autoscaling trigger percentage cpu rendering node average scaleup latency second new capacity serf traffic,Infrastructure Scaling
Kubernetes Blog,2024-02-23,"Asset streaming architecture: 3D models loaded on-demand in 100KB chunks vs 500MB monolithic downloads, enabling lightweight clients.",Infrastructure_Scaling,216,Retail,500-1000,https://kubernetes.io/blog/,asset streaming architecture d models loaded ondemand in kb chunks vs bandwidth monolithic downloads enabling lightweight clients,"['asset', 'streaming', 'architecture', 'model', 'loaded', 'ondemand', 'chunk', 'bandwidth', 'monolithic', 'downloads', 'enabling', 'lightweight', 'client']",asset streaming architecture model loaded ondemand chunk bandwidth monolithic downloads enabling lightweight client,Infrastructure Scaling
AWS Architecture,2024-02-24,"Multi-region deployment: XR app available in US-East, EU-West, Asia-Pacific with <100ms cross-region database replication.",Infrastructure_Scaling,648,Education,10-100,https://aws.amazon.com/architecture/,multiregion deployment xr app available in useast euwest asiapacific with latency crossregion database replication,"['multiregion', 'deployment', 'app', 'available', 'useast', 'euwest', 'asiapacific', 'latency', 'crossregion', 'database', 'replication']",multiregion deployment app available useast euwest asiapacific latency crossregion database replication,Infrastructure Scaling
AWS Architecture,2024-02-25,"Microservices pattern decouples XR authentication, rendering, and collaboration; teams deploy independently 20 times per day.",Infrastructure_Scaling,580,Entertainment,10-100,https://aws.amazon.com/architecture/,microservices pattern decouples xr authentication rendering and collaboration teams deploy independently times per day,"['microservices', 'pattern', 'decouples', 'authentication', 'rendering', 'collaboration', 'team', 'deploy', 'independently', 'time', 'per', 'day']",microservices pattern decouples authentication rendering collaboration team deploy independently time per day,Infrastructure Scaling
Kubernetes Blog,2024-02-26,Spatial anchor cloud scales to 10M+ persistent locations; geospatial indexing with PostGIS enables <50ms anchor retrieval.,Infrastructure_Scaling,393,Enterprise,10-100,https://kubernetes.io/blog/,spatial anchor cloud scales to m persistent locations geospatial indexing with postgis enables latency anchor retrieval,"['spatial', 'anchor', 'cloud', 'scale', 'persistent', 'location', 'geospatial', 'indexing', 'postgis', 'enables', 'latency', 'anchor', 'retrieval']",spatial anchor cloud scale persistent location geospatial indexing postgis enables latency anchor retrieval,Infrastructure Scaling
Kubernetes Blog,2024-02-27,"Bandwidth throttling protects XR infrastructure; premium users allocated 100 Mbps, free tier capped at 25 Mbps during congestion.",Infrastructure_Scaling,459,Collaboration,10-100,https://kubernetes.io/blog/,bandwidth throttling protects xr infrastructure premium users allocated mbps free tier capped at mbps during congestion,"['bandwidth', 'throttling', 'protects', 'infrastructure', 'premium', 'user', 'allocated', 'mbps', 'free', 'tier', 'capped', 'mbps', 'congestion']",bandwidth throttling protects infrastructure premium user allocated mbps free tier capped mbps congestion,Infrastructure Scaling
Meta Engineering,2024-02-28,Chaos engineering: randomly terminating XR rendering pods validated graceful degradation; users experienced <3 second reconnect.,Infrastructure_Scaling,402,Education,100-500,https://engineering.fb.com/,chaos engineering randomly terminating xr rendering pods validated graceful degradation users experienced second reconnect,"['chaos', 'engineering', 'randomly', 'terminating', 'rendering', 'pod', 'validated', 'graceful', 'degradation', 'user', 'experienced', 'second', 'reconnect']",chaos engineering randomly terminating rendering pod validated graceful degradation user experienced second reconnect,Infrastructure Scaling
AWS Architecture,2024-02-29,"Enterprise deployment: Walmart trained 1M+ employees on VR across 4,700 stores using centralized XR content management system.",Infrastructure_Scaling,736,Retail,100-500,https://aws.amazon.com/architecture/,enterprise deployment walmart trained m employees on vr across stores using centralized xr content management system,"['enterprise', 'deployment', 'walmart', 'trained', 'employee', 'across', 'store', 'using', 'centralized', 'content', 'management']",enterprise deployment walmart trained employee across store using centralized content management,Infrastructure Scaling
Walmart Tech,2024-03-01,"Meta Horizon Workrooms tested 1,000 concurrent VR meeting participants; server architecture uses microservices for horizontal scaling.",Infrastructure_Scaling,797,Education,10-100,https://tech.walmart.com/,meta horizon workrooms tested concurrent vr meeting participants server architecture uses microservices for horizontal scaling,"['meta', 'horizon', 'workroom', 'tested', 'concurrent', 'meeting', 'participant', 'server', 'architecture', 'us', 'microservices', 'horizontal', 'scaling']",meta horizon workroom tested concurrent meeting participant server architecture us microservices horizontal scaling,Infrastructure Scaling
Kubernetes Blog,2024-03-02,Kubernetes orchestration scales XR backend services from 10 to 500 pods in 2 minutes during peak training session demand.,Infrastructure_Scaling,693,Retail,10-100,https://kubernetes.io/blog/,kubernetes orchestration scales xr backend services from to pods in minutes during peak training session demand,"['kubernetes', 'orchestration', 'scale', 'backend', 'service', 'pod', 'minute', 'peak', 'training', 'session', 'demand']",kubernetes orchestration scale backend service pod minute peak training session demand,Infrastructure Scaling
Kubernetes Blog,2024-03-03,"Database sharding required for XR spatial anchors; single MongoDB instance saturates at 50,000 anchor queries/sec.",Infrastructure_Scaling,513,Education,10-100,https://kubernetes.io/blog/,database sharding required for xr spatial anchors single mongodb instance saturates at anchor queriessec,"['database', 'sharding', 'required', 'spatial', 'anchor', 'single', 'mongodb', 'instance', 'saturates', 'anchor', 'queriessec']",database sharding required spatial anchor single mongodb instance saturates anchor queriessec,Infrastructure Scaling
MongoDB Blog,2024-03-04,"Load balancer with session affinity ensures XR users reconnect to same edge server after network handoff, preserving state.",Infrastructure_Scaling,776,Retail,100-500,https://www.mongodb.com/blog,load balancer with session affinity ensures xr users reconnect to same edge server after network handoff preserving state,"['load', 'balancer', 'session', 'affinity', 'ensures', 'user', 'reconnect', 'edge', 'server', 'network', 'handoff', 'preserving', 'state']",load balancer session affinity ensures user reconnect edge server network handoff preserving state,Infrastructure Scaling
Walmart Tech,2024-03-05,Auto-scaling triggers at 70% CPU on XR rendering nodes; average scale-up latency 45 seconds before new capacity serves traffic.,Infrastructure_Scaling,306,Entertainment,10-100,https://tech.walmart.com/,autoscaling triggers at percentage cpu on xr rendering nodes average scaleup latency seconds before new capacity serves traffic,"['autoscaling', 'trigger', 'percentage', 'cpu', 'rendering', 'node', 'average', 'scaleup', 'latency', 'second', 'new', 'capacity', 'serf', 'traffic']",autoscaling trigger percentage cpu rendering node average scaleup latency second new capacity serf traffic,Infrastructure Scaling
Walmart Tech,2024-03-06,"Asset streaming architecture: 3D models loaded on-demand in 100KB chunks vs 500MB monolithic downloads, enabling lightweight clients.",Infrastructure_Scaling,598,Retail,10-100,https://tech.walmart.com/,asset streaming architecture d models loaded ondemand in kb chunks vs bandwidth monolithic downloads enabling lightweight clients,"['asset', 'streaming', 'architecture', 'model', 'loaded', 'ondemand', 'chunk', 'bandwidth', 'monolithic', 'downloads', 'enabling', 'lightweight', 'client']",asset streaming architecture model loaded ondemand chunk bandwidth monolithic downloads enabling lightweight client,Infrastructure Scaling
Kubernetes Blog,2024-03-07,"Multi-region deployment: XR app available in US-East, EU-West, Asia-Pacific with <100ms cross-region database replication.",Infrastructure_Scaling,419,Retail,1000+,https://kubernetes.io/blog/,multiregion deployment xr app available in useast euwest asiapacific with latency crossregion database replication,"['multiregion', 'deployment', 'app', 'available', 'useast', 'euwest', 'asiapacific', 'latency', 'crossregion', 'database', 'replication']",multiregion deployment app available useast euwest asiapacific latency crossregion database replication,Infrastructure Scaling
Meta Engineering,2024-03-08,"Microservices pattern decouples XR authentication, rendering, and collaboration; teams deploy independently 20 times per day.",Infrastructure_Scaling,839,Enterprise,1000+,https://engineering.fb.com/,microservices pattern decouples xr authentication rendering and collaboration teams deploy independently times per day,"['microservices', 'pattern', 'decouples', 'authentication', 'rendering', 'collaboration', 'team', 'deploy', 'independently', 'time', 'per', 'day']",microservices pattern decouples authentication rendering collaboration team deploy independently time per day,Infrastructure Scaling
MongoDB Blog,2024-03-09,Spatial anchor cloud scales to 10M+ persistent locations; geospatial indexing with PostGIS enables <50ms anchor retrieval.,Infrastructure_Scaling,441,Retail,10-100,https://www.mongodb.com/blog,spatial anchor cloud scales to m persistent locations geospatial indexing with postgis enables latency anchor retrieval,"['spatial', 'anchor', 'cloud', 'scale', 'persistent', 'location', 'geospatial', 'indexing', 'postgis', 'enables', 'latency', 'anchor', 'retrieval']",spatial anchor cloud scale persistent location geospatial indexing postgis enables latency anchor retrieval,Infrastructure Scaling
Walmart Tech,2024-03-10,"Bandwidth throttling protects XR infrastructure; premium users allocated 100 Mbps, free tier capped at 25 Mbps during congestion.",Infrastructure_Scaling,670,Enterprise,500-1000,https://tech.walmart.com/,bandwidth throttling protects xr infrastructure premium users allocated mbps free tier capped at mbps during congestion,"['bandwidth', 'throttling', 'protects', 'infrastructure', 'premium', 'user', 'allocated', 'mbps', 'free', 'tier', 'capped', 'mbps', 'congestion']",bandwidth throttling protects infrastructure premium user allocated mbps free tier capped mbps congestion,Infrastructure Scaling
Kubernetes Blog,2024-03-11,Chaos engineering: randomly terminating XR rendering pods validated graceful degradation; users experienced <3 second reconnect.,Infrastructure_Scaling,719,Collaboration,10-100,https://kubernetes.io/blog/,chaos engineering randomly terminating xr rendering pods validated graceful degradation users experienced second reconnect,"['chaos', 'engineering', 'randomly', 'terminating', 'rendering', 'pod', 'validated', 'graceful', 'degradation', 'user', 'experienced', 'second', 'reconnect']",chaos engineering randomly terminating rendering pod validated graceful degradation user experienced second reconnect,Infrastructure Scaling
Walmart Tech,2024-03-12,"Enterprise deployment: Walmart trained 1M+ employees on VR across 4,700 stores using centralized XR content management system.",Infrastructure_Scaling,357,Enterprise,1000+,https://tech.walmart.com/,enterprise deployment walmart trained m employees on vr across stores using centralized xr content management system,"['enterprise', 'deployment', 'walmart', 'trained', 'employee', 'across', 'store', 'using', 'centralized', 'content', 'management']",enterprise deployment walmart trained employee across store using centralized content management,Infrastructure Scaling
MongoDB Blog,2024-03-13,"Meta Horizon Workrooms tested 1,000 concurrent VR meeting participants; server architecture uses microservices for horizontal scaling.",Infrastructure_Scaling,241,Entertainment,500-1000,https://www.mongodb.com/blog,meta horizon workrooms tested concurrent vr meeting participants server architecture uses microservices for horizontal scaling,"['meta', 'horizon', 'workroom', 'tested', 'concurrent', 'meeting', 'participant', 'server', 'architecture', 'us', 'microservices', 'horizontal', 'scaling']",meta horizon workroom tested concurrent meeting participant server architecture us microservices horizontal scaling,Infrastructure Scaling
MongoDB Blog,2024-03-14,Kubernetes orchestration scales XR backend services from 10 to 500 pods in 2 minutes during peak training session demand.,Infrastructure_Scaling,693,Enterprise,500-1000,https://www.mongodb.com/blog,kubernetes orchestration scales xr backend services from to pods in minutes during peak training session demand,"['kubernetes', 'orchestration', 'scale', 'backend', 'service', 'pod', 'minute', 'peak', 'training', 'session', 'demand']",kubernetes orchestration scale backend service pod minute peak training session demand,Infrastructure Scaling
AWS Architecture,2024-03-15,"Database sharding required for XR spatial anchors; single MongoDB instance saturates at 50,000 anchor queries/sec.",Infrastructure_Scaling,427,Collaboration,10-100,https://aws.amazon.com/architecture/,database sharding required for xr spatial anchors single mongodb instance saturates at anchor queriessec,"['database', 'sharding', 'required', 'spatial', 'anchor', 'single', 'mongodb', 'instance', 'saturates', 'anchor', 'queriessec']",database sharding required spatial anchor single mongodb instance saturates anchor queriessec,Infrastructure Scaling
Kubernetes Blog,2024-03-16,"Load balancer with session affinity ensures XR users reconnect to same edge server after network handoff, preserving state.",Infrastructure_Scaling,306,Entertainment,1000+,https://kubernetes.io/blog/,load balancer with session affinity ensures xr users reconnect to same edge server after network handoff preserving state,"['load', 'balancer', 'session', 'affinity', 'ensures', 'user', 'reconnect', 'edge', 'server', 'network', 'handoff', 'preserving', 'state']",load balancer session affinity ensures user reconnect edge server network handoff preserving state,Infrastructure Scaling
MongoDB Blog,2024-03-17,Auto-scaling triggers at 70% CPU on XR rendering nodes; average scale-up latency 45 seconds before new capacity serves traffic.,Infrastructure_Scaling,760,Education,1000+,https://www.mongodb.com/blog,autoscaling triggers at percentage cpu on xr rendering nodes average scaleup latency seconds before new capacity serves traffic,"['autoscaling', 'trigger', 'percentage', 'cpu', 'rendering', 'node', 'average', 'scaleup', 'latency', 'second', 'new', 'capacity', 'serf', 'traffic']",autoscaling trigger percentage cpu rendering node average scaleup latency second new capacity serf traffic,Infrastructure Scaling
AWS Architecture,2024-03-18,"Asset streaming architecture: 3D models loaded on-demand in 100KB chunks vs 500MB monolithic downloads, enabling lightweight clients.",Infrastructure_Scaling,175,Education,500-1000,https://aws.amazon.com/architecture/,asset streaming architecture d models loaded ondemand in kb chunks vs bandwidth monolithic downloads enabling lightweight clients,"['asset', 'streaming', 'architecture', 'model', 'loaded', 'ondemand', 'chunk', 'bandwidth', 'monolithic', 'downloads', 'enabling', 'lightweight', 'client']",asset streaming architecture model loaded ondemand chunk bandwidth monolithic downloads enabling lightweight client,Infrastructure Scaling
AWS Architecture,2024-03-19,"Multi-region deployment: XR app available in US-East, EU-West, Asia-Pacific with <100ms cross-region database replication.",Infrastructure_Scaling,492,Enterprise,10-100,https://aws.amazon.com/architecture/,multiregion deployment xr app available in useast euwest asiapacific with latency crossregion database replication,"['multiregion', 'deployment', 'app', 'available', 'useast', 'euwest', 'asiapacific', 'latency', 'crossregion', 'database', 'replication']",multiregion deployment app available useast euwest asiapacific latency crossregion database replication,Infrastructure Scaling
Walmart Tech,2024-03-20,"Microservices pattern decouples XR authentication, rendering, and collaboration; teams deploy independently 20 times per day.",Infrastructure_Scaling,815,Enterprise,100-500,https://tech.walmart.com/,microservices pattern decouples xr authentication rendering and collaboration teams deploy independently times per day,"['microservices', 'pattern', 'decouples', 'authentication', 'rendering', 'collaboration', 'team', 'deploy', 'independently', 'time', 'per', 'day']",microservices pattern decouples authentication rendering collaboration team deploy independently time per day,Infrastructure Scaling
Walmart Tech,2024-03-21,Spatial anchor cloud scales to 10M+ persistent locations; geospatial indexing with PostGIS enables <50ms anchor retrieval.,Infrastructure_Scaling,212,Collaboration,100-500,https://tech.walmart.com/,spatial anchor cloud scales to m persistent locations geospatial indexing with postgis enables latency anchor retrieval,"['spatial', 'anchor', 'cloud', 'scale', 'persistent', 'location', 'geospatial', 'indexing', 'postgis', 'enables', 'latency', 'anchor', 'retrieval']",spatial anchor cloud scale persistent location geospatial indexing postgis enables latency anchor retrieval,Infrastructure Scaling
AWS Architecture,2024-03-22,"Bandwidth throttling protects XR infrastructure; premium users allocated 100 Mbps, free tier capped at 25 Mbps during congestion.",Infrastructure_Scaling,787,Collaboration,1000+,https://aws.amazon.com/architecture/,bandwidth throttling protects xr infrastructure premium users allocated mbps free tier capped at mbps during congestion,"['bandwidth', 'throttling', 'protects', 'infrastructure', 'premium', 'user', 'allocated', 'mbps', 'free', 'tier', 'capped', 'mbps', 'congestion']",bandwidth throttling protects infrastructure premium user allocated mbps free tier capped mbps congestion,Infrastructure Scaling
Walmart Tech,2024-03-23,Chaos engineering: randomly terminating XR rendering pods validated graceful degradation; users experienced <3 second reconnect.,Infrastructure_Scaling,492,Retail,100-500,https://tech.walmart.com/,chaos engineering randomly terminating xr rendering pods validated graceful degradation users experienced second reconnect,"['chaos', 'engineering', 'randomly', 'terminating', 'rendering', 'pod', 'validated', 'graceful', 'degradation', 'user', 'experienced', 'second', 'reconnect']",chaos engineering randomly terminating rendering pod validated graceful degradation user experienced second reconnect,Infrastructure Scaling
MongoDB Blog,2024-03-24,"Enterprise deployment: Walmart trained 1M+ employees on VR across 4,700 stores using centralized XR content management system.",Infrastructure_Scaling,209,Collaboration,1000+,https://www.mongodb.com/blog,enterprise deployment walmart trained m employees on vr across stores using centralized xr content management system,"['enterprise', 'deployment', 'walmart', 'trained', 'employee', 'across', 'store', 'using', 'centralized', 'content', 'management']",enterprise deployment walmart trained employee across store using centralized content management,Infrastructure Scaling
Meta Engineering,2024-03-25,"Meta Horizon Workrooms tested 1,000 concurrent VR meeting participants; server architecture uses microservices for horizontal scaling.",Infrastructure_Scaling,564,Retail,1000+,https://engineering.fb.com/,meta horizon workrooms tested concurrent vr meeting participants server architecture uses microservices for horizontal scaling,"['meta', 'horizon', 'workroom', 'tested', 'concurrent', 'meeting', 'participant', 'server', 'architecture', 'us', 'microservices', 'horizontal', 'scaling']",meta horizon workroom tested concurrent meeting participant server architecture us microservices horizontal scaling,Infrastructure Scaling
MongoDB Blog,2024-03-26,Kubernetes orchestration scales XR backend services from 10 to 500 pods in 2 minutes during peak training session demand.,Infrastructure_Scaling,847,Entertainment,1000+,https://www.mongodb.com/blog,kubernetes orchestration scales xr backend services from to pods in minutes during peak training session demand,"['kubernetes', 'orchestration', 'scale', 'backend', 'service', 'pod', 'minute', 'peak', 'training', 'session', 'demand']",kubernetes orchestration scale backend service pod minute peak training session demand,Infrastructure Scaling
AWS Architecture,2024-03-27,"Database sharding required for XR spatial anchors; single MongoDB instance saturates at 50,000 anchor queries/sec.",Infrastructure_Scaling,700,Enterprise,100-500,https://aws.amazon.com/architecture/,database sharding required for xr spatial anchors single mongodb instance saturates at anchor queriessec,"['database', 'sharding', 'required', 'spatial', 'anchor', 'single', 'mongodb', 'instance', 'saturates', 'anchor', 'queriessec']",database sharding required spatial anchor single mongodb instance saturates anchor queriessec,Infrastructure Scaling
AWS Architecture,2024-03-28,"Load balancer with session affinity ensures XR users reconnect to same edge server after network handoff, preserving state.",Infrastructure_Scaling,781,Entertainment,1000+,https://aws.amazon.com/architecture/,load balancer with session affinity ensures xr users reconnect to same edge server after network handoff preserving state,"['load', 'balancer', 'session', 'affinity', 'ensures', 'user', 'reconnect', 'edge', 'server', 'network', 'handoff', 'preserving', 'state']",load balancer session affinity ensures user reconnect edge server network handoff preserving state,Infrastructure Scaling
MongoDB Blog,2024-03-29,Auto-scaling triggers at 70% CPU on XR rendering nodes; average scale-up latency 45 seconds before new capacity serves traffic.,Infrastructure_Scaling,656,Collaboration,500-1000,https://www.mongodb.com/blog,autoscaling triggers at percentage cpu on xr rendering nodes average scaleup latency seconds before new capacity serves traffic,"['autoscaling', 'trigger', 'percentage', 'cpu', 'rendering', 'node', 'average', 'scaleup', 'latency', 'second', 'new', 'capacity', 'serf', 'traffic']",autoscaling trigger percentage cpu rendering node average scaleup latency second new capacity serf traffic,Infrastructure Scaling
Walmart Tech,2024-03-30,"Asset streaming architecture: 3D models loaded on-demand in 100KB chunks vs 500MB monolithic downloads, enabling lightweight clients.",Infrastructure_Scaling,567,Entertainment,10-100,https://tech.walmart.com/,asset streaming architecture d models loaded ondemand in kb chunks vs bandwidth monolithic downloads enabling lightweight clients,"['asset', 'streaming', 'architecture', 'model', 'loaded', 'ondemand', 'chunk', 'bandwidth', 'monolithic', 'downloads', 'enabling', 'lightweight', 'client']",asset streaming architecture model loaded ondemand chunk bandwidth monolithic downloads enabling lightweight client,Infrastructure Scaling
Walmart Tech,2024-03-31,"Multi-region deployment: XR app available in US-East, EU-West, Asia-Pacific with <100ms cross-region database replication.",Infrastructure_Scaling,678,Entertainment,10-100,https://tech.walmart.com/,multiregion deployment xr app available in useast euwest asiapacific with latency crossregion database replication,"['multiregion', 'deployment', 'app', 'available', 'useast', 'euwest', 'asiapacific', 'latency', 'crossregion', 'database', 'replication']",multiregion deployment app available useast euwest asiapacific latency crossregion database replication,Infrastructure Scaling
AWS Architecture,2024-04-01,"Microservices pattern decouples XR authentication, rendering, and collaboration; teams deploy independently 20 times per day.",Infrastructure_Scaling,299,Entertainment,1000+,https://aws.amazon.com/architecture/,microservices pattern decouples xr authentication rendering and collaboration teams deploy independently times per day,"['microservices', 'pattern', 'decouples', 'authentication', 'rendering', 'collaboration', 'team', 'deploy', 'independently', 'time', 'per', 'day']",microservices pattern decouples authentication rendering collaboration team deploy independently time per day,Infrastructure Scaling
Kubernetes Blog,2024-04-02,Spatial anchor cloud scales to 10M+ persistent locations; geospatial indexing with PostGIS enables <50ms anchor retrieval.,Infrastructure_Scaling,288,Collaboration,10-100,https://kubernetes.io/blog/,spatial anchor cloud scales to m persistent locations geospatial indexing with postgis enables latency anchor retrieval,"['spatial', 'anchor', 'cloud', 'scale', 'persistent', 'location', 'geospatial', 'indexing', 'postgis', 'enables', 'latency', 'anchor', 'retrieval']",spatial anchor cloud scale persistent location geospatial indexing postgis enables latency anchor retrieval,Infrastructure Scaling
Walmart Tech,2024-04-03,"Bandwidth throttling protects XR infrastructure; premium users allocated 100 Mbps, free tier capped at 25 Mbps during congestion.",Infrastructure_Scaling,369,Entertainment,100-500,https://tech.walmart.com/,bandwidth throttling protects xr infrastructure premium users allocated mbps free tier capped at mbps during congestion,"['bandwidth', 'throttling', 'protects', 'infrastructure', 'premium', 'user', 'allocated', 'mbps', 'free', 'tier', 'capped', 'mbps', 'congestion']",bandwidth throttling protects infrastructure premium user allocated mbps free tier capped mbps congestion,Infrastructure Scaling
MongoDB Blog,2024-04-04,Chaos engineering: randomly terminating XR rendering pods validated graceful degradation; users experienced <3 second reconnect.,Infrastructure_Scaling,701,Retail,100-500,https://www.mongodb.com/blog,chaos engineering randomly terminating xr rendering pods validated graceful degradation users experienced second reconnect,"['chaos', 'engineering', 'randomly', 'terminating', 'rendering', 'pod', 'validated', 'graceful', 'degradation', 'user', 'experienced', 'second', 'reconnect']",chaos engineering randomly terminating rendering pod validated graceful degradation user experienced second reconnect,Infrastructure Scaling
Walmart Tech,2024-04-05,"Enterprise deployment: Walmart trained 1M+ employees on VR across 4,700 stores using centralized XR content management system.",Infrastructure_Scaling,206,Collaboration,10-100,https://tech.walmart.com/,enterprise deployment walmart trained m employees on vr across stores using centralized xr content management system,"['enterprise', 'deployment', 'walmart', 'trained', 'employee', 'across', 'store', 'using', 'centralized', 'content', 'management']",enterprise deployment walmart trained employee across store using centralized content management,Infrastructure Scaling
MongoDB Blog,2024-04-06,"Meta Horizon Workrooms tested 1,000 concurrent VR meeting participants; server architecture uses microservices for horizontal scaling.",Infrastructure_Scaling,520,Entertainment,100-500,https://www.mongodb.com/blog,meta horizon workrooms tested concurrent vr meeting participants server architecture uses microservices for horizontal scaling,"['meta', 'horizon', 'workroom', 'tested', 'concurrent', 'meeting', 'participant', 'server', 'architecture', 'us', 'microservices', 'horizontal', 'scaling']",meta horizon workroom tested concurrent meeting participant server architecture us microservices horizontal scaling,Infrastructure Scaling
AWS Architecture,2024-04-07,Kubernetes orchestration scales XR backend services from 10 to 500 pods in 2 minutes during peak training session demand.,Infrastructure_Scaling,197,Collaboration,10-100,https://aws.amazon.com/architecture/,kubernetes orchestration scales xr backend services from to pods in minutes during peak training session demand,"['kubernetes', 'orchestration', 'scale', 'backend', 'service', 'pod', 'minute', 'peak', 'training', 'session', 'demand']",kubernetes orchestration scale backend service pod minute peak training session demand,Infrastructure Scaling
Walmart Tech,2024-04-08,"Database sharding required for XR spatial anchors; single MongoDB instance saturates at 50,000 anchor queries/sec.",Infrastructure_Scaling,398,Education,10-100,https://tech.walmart.com/,database sharding required for xr spatial anchors single mongodb instance saturates at anchor queriessec,"['database', 'sharding', 'required', 'spatial', 'anchor', 'single', 'mongodb', 'instance', 'saturates', 'anchor', 'queriessec']",database sharding required spatial anchor single mongodb instance saturates anchor queriessec,Infrastructure Scaling
MongoDB Blog,2024-04-09,"Load balancer with session affinity ensures XR users reconnect to same edge server after network handoff, preserving state.",Infrastructure_Scaling,481,Retail,10-100,https://www.mongodb.com/blog,load balancer with session affinity ensures xr users reconnect to same edge server after network handoff preserving state,"['load', 'balancer', 'session', 'affinity', 'ensures', 'user', 'reconnect', 'edge', 'server', 'network', 'handoff', 'preserving', 'state']",load balancer session affinity ensures user reconnect edge server network handoff preserving state,Infrastructure Scaling
AWS Architecture,2024-04-10,Auto-scaling triggers at 70% CPU on XR rendering nodes; average scale-up latency 45 seconds before new capacity serves traffic.,Infrastructure_Scaling,269,Entertainment,1000+,https://aws.amazon.com/architecture/,autoscaling triggers at percentage cpu on xr rendering nodes average scaleup latency seconds before new capacity serves traffic,"['autoscaling', 'trigger', 'percentage', 'cpu', 'rendering', 'node', 'average', 'scaleup', 'latency', 'second', 'new', 'capacity', 'serf', 'traffic']",autoscaling trigger percentage cpu rendering node average scaleup latency second new capacity serf traffic,Infrastructure Scaling
Kubernetes Blog,2024-04-11,"Asset streaming architecture: 3D models loaded on-demand in 100KB chunks vs 500MB monolithic downloads, enabling lightweight clients.",Infrastructure_Scaling,311,Education,10-100,https://kubernetes.io/blog/,asset streaming architecture d models loaded ondemand in kb chunks vs bandwidth monolithic downloads enabling lightweight clients,"['asset', 'streaming', 'architecture', 'model', 'loaded', 'ondemand', 'chunk', 'bandwidth', 'monolithic', 'downloads', 'enabling', 'lightweight', 'client']",asset streaming architecture model loaded ondemand chunk bandwidth monolithic downloads enabling lightweight client,Infrastructure Scaling
MongoDB Blog,2024-04-12,"Multi-region deployment: XR app available in US-East, EU-West, Asia-Pacific with <100ms cross-region database replication.",Infrastructure_Scaling,753,Education,1000+,https://www.mongodb.com/blog,multiregion deployment xr app available in useast euwest asiapacific with latency crossregion database replication,"['multiregion', 'deployment', 'app', 'available', 'useast', 'euwest', 'asiapacific', 'latency', 'crossregion', 'database', 'replication']",multiregion deployment app available useast euwest asiapacific latency crossregion database replication,Infrastructure Scaling
Kubernetes Blog,2024-04-13,"Microservices pattern decouples XR authentication, rendering, and collaboration; teams deploy independently 20 times per day.",Infrastructure_Scaling,348,Collaboration,10-100,https://kubernetes.io/blog/,microservices pattern decouples xr authentication rendering and collaboration teams deploy independently times per day,"['microservices', 'pattern', 'decouples', 'authentication', 'rendering', 'collaboration', 'team', 'deploy', 'independently', 'time', 'per', 'day']",microservices pattern decouples authentication rendering collaboration team deploy independently time per day,Infrastructure Scaling
Kubernetes Blog,2024-04-14,Spatial anchor cloud scales to 10M+ persistent locations; geospatial indexing with PostGIS enables <50ms anchor retrieval.,Infrastructure_Scaling,493,Education,10-100,https://kubernetes.io/blog/,spatial anchor cloud scales to m persistent locations geospatial indexing with postgis enables latency anchor retrieval,"['spatial', 'anchor', 'cloud', 'scale', 'persistent', 'location', 'geospatial', 'indexing', 'postgis', 'enables', 'latency', 'anchor', 'retrieval']",spatial anchor cloud scale persistent location geospatial indexing postgis enables latency anchor retrieval,Infrastructure Scaling
Meta Engineering,2024-04-15,"Bandwidth throttling protects XR infrastructure; premium users allocated 100 Mbps, free tier capped at 25 Mbps during congestion.",Infrastructure_Scaling,610,Retail,10-100,https://engineering.fb.com/,bandwidth throttling protects xr infrastructure premium users allocated mbps free tier capped at mbps during congestion,"['bandwidth', 'throttling', 'protects', 'infrastructure', 'premium', 'user', 'allocated', 'mbps', 'free', 'tier', 'capped', 'mbps', 'congestion']",bandwidth throttling protects infrastructure premium user allocated mbps free tier capped mbps congestion,Infrastructure Scaling
Walmart Tech,2024-04-16,Chaos engineering: randomly terminating XR rendering pods validated graceful degradation; users experienced <3 second reconnect.,Infrastructure_Scaling,255,Retail,100-500,https://tech.walmart.com/,chaos engineering randomly terminating xr rendering pods validated graceful degradation users experienced second reconnect,"['chaos', 'engineering', 'randomly', 'terminating', 'rendering', 'pod', 'validated', 'graceful', 'degradation', 'user', 'experienced', 'second', 'reconnect']",chaos engineering randomly terminating rendering pod validated graceful degradation user experienced second reconnect,Infrastructure Scaling
MongoDB Blog,2024-04-17,"Enterprise deployment: Walmart trained 1M+ employees on VR across 4,700 stores using centralized XR content management system.",Infrastructure_Scaling,403,Enterprise,1000+,https://www.mongodb.com/blog,enterprise deployment walmart trained m employees on vr across stores using centralized xr content management system,"['enterprise', 'deployment', 'walmart', 'trained', 'employee', 'across', 'store', 'using', 'centralized', 'content', 'management']",enterprise deployment walmart trained employee across store using centralized content management,Infrastructure Scaling
Kubernetes Blog,2024-04-18,"Meta Horizon Workrooms tested 1,000 concurrent VR meeting participants; server architecture uses microservices for horizontal scaling.",Infrastructure_Scaling,801,Retail,1000+,https://kubernetes.io/blog/,meta horizon workrooms tested concurrent vr meeting participants server architecture uses microservices for horizontal scaling,"['meta', 'horizon', 'workroom', 'tested', 'concurrent', 'meeting', 'participant', 'server', 'architecture', 'us', 'microservices', 'horizontal', 'scaling']",meta horizon workroom tested concurrent meeting participant server architecture us microservices horizontal scaling,Infrastructure Scaling
Meta Engineering,2024-04-19,Kubernetes orchestration scales XR backend services from 10 to 500 pods in 2 minutes during peak training session demand.,Infrastructure_Scaling,581,Education,10-100,https://engineering.fb.com/,kubernetes orchestration scales xr backend services from to pods in minutes during peak training session demand,"['kubernetes', 'orchestration', 'scale', 'backend', 'service', 'pod', 'minute', 'peak', 'training', 'session', 'demand']",kubernetes orchestration scale backend service pod minute peak training session demand,Infrastructure Scaling
AWS Architecture,2024-04-20,"Database sharding required for XR spatial anchors; single MongoDB instance saturates at 50,000 anchor queries/sec.",Infrastructure_Scaling,687,Retail,10-100,https://aws.amazon.com/architecture/,database sharding required for xr spatial anchors single mongodb instance saturates at anchor queriessec,"['database', 'sharding', 'required', 'spatial', 'anchor', 'single', 'mongodb', 'instance', 'saturates', 'anchor', 'queriessec']",database sharding required spatial anchor single mongodb instance saturates anchor queriessec,Infrastructure Scaling
MongoDB Blog,2024-04-21,"Load balancer with session affinity ensures XR users reconnect to same edge server after network handoff, preserving state.",Infrastructure_Scaling,592,Collaboration,100-500,https://www.mongodb.com/blog,load balancer with session affinity ensures xr users reconnect to same edge server after network handoff preserving state,"['load', 'balancer', 'session', 'affinity', 'ensures', 'user', 'reconnect', 'edge', 'server', 'network', 'handoff', 'preserving', 'state']",load balancer session affinity ensures user reconnect edge server network handoff preserving state,Infrastructure Scaling
Kubernetes Blog,2024-04-22,Auto-scaling triggers at 70% CPU on XR rendering nodes; average scale-up latency 45 seconds before new capacity serves traffic.,Infrastructure_Scaling,616,Enterprise,100-500,https://kubernetes.io/blog/,autoscaling triggers at percentage cpu on xr rendering nodes average scaleup latency seconds before new capacity serves traffic,"['autoscaling', 'trigger', 'percentage', 'cpu', 'rendering', 'node', 'average', 'scaleup', 'latency', 'second', 'new', 'capacity', 'serf', 'traffic']",autoscaling trigger percentage cpu rendering node average scaleup latency second new capacity serf traffic,Infrastructure Scaling
Walmart Tech,2024-04-23,"Asset streaming architecture: 3D models loaded on-demand in 100KB chunks vs 500MB monolithic downloads, enabling lightweight clients.",Infrastructure_Scaling,426,Education,100-500,https://tech.walmart.com/,asset streaming architecture d models loaded ondemand in kb chunks vs bandwidth monolithic downloads enabling lightweight clients,"['asset', 'streaming', 'architecture', 'model', 'loaded', 'ondemand', 'chunk', 'bandwidth', 'monolithic', 'downloads', 'enabling', 'lightweight', 'client']",asset streaming architecture model loaded ondemand chunk bandwidth monolithic downloads enabling lightweight client,Infrastructure Scaling
Meta Engineering,2024-04-24,"Multi-region deployment: XR app available in US-East, EU-West, Asia-Pacific with <100ms cross-region database replication.",Infrastructure_Scaling,442,Enterprise,1000+,https://engineering.fb.com/,multiregion deployment xr app available in useast euwest asiapacific with latency crossregion database replication,"['multiregion', 'deployment', 'app', 'available', 'useast', 'euwest', 'asiapacific', 'latency', 'crossregion', 'database', 'replication']",multiregion deployment app available useast euwest asiapacific latency crossregion database replication,Infrastructure Scaling
Kubernetes Blog,2024-04-25,"Microservices pattern decouples XR authentication, rendering, and collaboration; teams deploy independently 20 times per day.",Infrastructure_Scaling,450,Education,1000+,https://kubernetes.io/blog/,microservices pattern decouples xr authentication rendering and collaboration teams deploy independently times per day,"['microservices', 'pattern', 'decouples', 'authentication', 'rendering', 'collaboration', 'team', 'deploy', 'independently', 'time', 'per', 'day']",microservices pattern decouples authentication rendering collaboration team deploy independently time per day,Infrastructure Scaling
Walmart Tech,2024-04-26,Spatial anchor cloud scales to 10M+ persistent locations; geospatial indexing with PostGIS enables <50ms anchor retrieval.,Infrastructure_Scaling,347,Collaboration,1000+,https://tech.walmart.com/,spatial anchor cloud scales to m persistent locations geospatial indexing with postgis enables latency anchor retrieval,"['spatial', 'anchor', 'cloud', 'scale', 'persistent', 'location', 'geospatial', 'indexing', 'postgis', 'enables', 'latency', 'anchor', 'retrieval']",spatial anchor cloud scale persistent location geospatial indexing postgis enables latency anchor retrieval,Infrastructure Scaling
Kubernetes Blog,2024-04-27,"Bandwidth throttling protects XR infrastructure; premium users allocated 100 Mbps, free tier capped at 25 Mbps during congestion.",Infrastructure_Scaling,757,Enterprise,10-100,https://kubernetes.io/blog/,bandwidth throttling protects xr infrastructure premium users allocated mbps free tier capped at mbps during congestion,"['bandwidth', 'throttling', 'protects', 'infrastructure', 'premium', 'user', 'allocated', 'mbps', 'free', 'tier', 'capped', 'mbps', 'congestion']",bandwidth throttling protects infrastructure premium user allocated mbps free tier capped mbps congestion,Infrastructure Scaling
MongoDB Blog,2024-04-28,Chaos engineering: randomly terminating XR rendering pods validated graceful degradation; users experienced <3 second reconnect.,Infrastructure_Scaling,585,Entertainment,1000+,https://www.mongodb.com/blog,chaos engineering randomly terminating xr rendering pods validated graceful degradation users experienced second reconnect,"['chaos', 'engineering', 'randomly', 'terminating', 'rendering', 'pod', 'validated', 'graceful', 'degradation', 'user', 'experienced', 'second', 'reconnect']",chaos engineering randomly terminating rendering pod validated graceful degradation user experienced second reconnect,Infrastructure Scaling
MongoDB Blog,2024-04-29,"Enterprise deployment: Walmart trained 1M+ employees on VR across 4,700 stores using centralized XR content management system.",Infrastructure_Scaling,809,Education,500-1000,https://www.mongodb.com/blog,enterprise deployment walmart trained m employees on vr across stores using centralized xr content management system,"['enterprise', 'deployment', 'walmart', 'trained', 'employee', 'across', 'store', 'using', 'centralized', 'content', 'management']",enterprise deployment walmart trained employee across store using centralized content management,Infrastructure Scaling
