source,date,content,category,engagement_score,industry,deployment_scale,source_url,cleaned_text,tokens,token_string,aspect
IEEE Xplore,2024-01-01,"5G networks enable sub-20ms latency required for motion-sickness-free XR experiences, supporting 100+ concurrent AR users in industrial environments.",5G_6G_Connectivity,703,Manufacturing,500+ users,https://ieeexplore.ieee.org/document/10634054/,g networks enable sublatency latency required for motionsicknessfree xr experiences supporting concurrent ar users in industrial environments,"['network', 'enable', 'sublatency', 'latency', 'required', 'motionsicknessfree', 'experience', 'supporting', 'concurrent', 'user', 'industrial', 'environment']",network enable sublatency latency required motionsicknessfree experience supporting concurrent user industrial environment,5G/6G Connectivity
Nokia Bell Labs,2024-01-02,"Private 5G deployments eliminate Wi-Fi interference in metal-heavy factories, guaranteeing consistent bandwidth for XR fleet operations.",5G_6G_Connectivity,610,Healthcare,10-50 users,https://www.nokia.com/bell-labs/,private g deployments eliminate wifi interference in metalheavy factories guaranteeing consistent bandwidth for xr fleet operations,"['private', 'deployment', 'eliminate', 'wifi', 'interference', 'metalheavy', 'factory', 'guaranteeing', 'consistent', 'bandwidth', 'fleet', 'operation']",private deployment eliminate wifi interference metalheavy factory guaranteeing consistent bandwidth fleet operation,5G/6G Connectivity
Verizon 5G Labs,2024-01-03,"Network slicing in 5G Edge allocates dedicated bandwidth for XR workloads, preventing video streaming from degrading AR performance.",5G_6G_Connectivity,840,Manufacturing,500+ users,https://www.verizon.com/business/products/5g/,network slicing in g edge allocates dedicated bandwidth for xr workloads preventing video streaming from degrading ar performance,"['network', 'slicing', 'edge', 'allocates', 'dedicated', 'bandwidth', 'workload', 'preventing', 'video', 'streaming', 'degrading', 'performance']",network slicing edge allocates dedicated bandwidth workload preventing video streaming degrading performance,5G/6G Connectivity
Nokia Bell Labs,2024-01-04,"6G research promises 1Gbps sustained bandwidth per XR device, enabling real-time photorealistic hologram transmission.",5G_6G_Connectivity,724,Retail,500+ users,https://www.nokia.com/bell-labs/,g research promises gbps sustained bandwidth per xr device enabling realtime photorealistic hologram transmission,"['research', 'promise', 'gbps', 'sustained', 'bandwidth', 'per', 'device', 'enabling', 'realtime', 'photorealistic', 'hologram', 'transmission']",research promise gbps sustained bandwidth per device enabling realtime photorealistic hologram transmission,5G/6G Connectivity
Nokia Bell Labs,2024-01-05,"Multi-access Edge Computing (MEC) with 5G reduces latency from 100ms (cloud) to 5ms (edge), critical for surgical training XR.",5G_6G_Connectivity,892,Entertainment,50-200 users,https://www.nokia.com/bell-labs/,multiaccess edge computing mec with g reduces latency from latency cloud to latency edge critical for surgical training xr,"['multiaccess', 'edge', 'computing', 'mec', 'reduces', 'latency', 'latency', 'cloud', 'latency', 'edge', 'critical', 'surgical', 'training']",multiaccess edge computing mec reduces latency latency cloud latency edge critical surgical training,5G/6G Connectivity
Qualcomm Blog,2024-01-06,"Ericsson's 5G standalone architecture supports 10,000+ XR devices per cell site through dynamic spectrum sharing.",5G_6G_Connectivity,390,Manufacturing,500+ users,https://www.qualcomm.com/products/mobile/snapdragon/xr-vr-ar,ericssons g standalone architecture supports xr devices per cell site through dynamic spectrum sharing,"['ericssons', 'standalone', 'architecture', 'support', 'device', 'per', 'cell', 'site', 'dynamic', 'spectrum', 'sharing']",ericssons standalone architecture support device per cell site dynamic spectrum sharing,5G/6G Connectivity
Verizon 5G Labs,2024-01-07,"Qualcomm Snapdragon XR2+ chips optimize 5G modem integration, reducing battery drain by 40% during cloud rendering.",5G_6G_Connectivity,713,Manufacturing,50-200 users,https://www.verizon.com/business/products/5g/,qualcomm snapdragon xr chips optimize g modem integration reducing battery drain by percentage during cloud rendering,"['qualcomm', 'snapdragon', 'chip', 'optimize', 'modem', 'integration', 'reducing', 'battery', 'drain', 'percentage', 'cloud', 'rendering']",qualcomm snapdragon chip optimize modem integration reducing battery drain percentage cloud rendering,5G/6G Connectivity
Verizon 5G Labs,2024-01-08,Verizon 5G Ultra Wideband tested 500 concurrent VR users at NFL stadium with zero frame drops during live events.,5G_6G_Connectivity,245,Healthcare,500+ users,https://www.verizon.com/business/products/5g/,verizon g ultra wideband tested concurrent vr users at nfl stadium with zero frame drops during live events,"['verizon', 'ultra', 'wideband', 'tested', 'concurrent', 'user', 'nfl', 'stadium', 'zero', 'frame', 'drop', 'live', 'event']",verizon ultra wideband tested concurrent user nfl stadium zero frame drop live event,5G/6G Connectivity
Verizon 5G Labs,2024-01-09,"O-RAN architecture enables vendor-agnostic 5G deployments, reducing infrastructure costs for enterprise XR rollouts.",5G_6G_Connectivity,883,Healthcare,200-500 users,https://www.verizon.com/business/products/5g/,oran architecture enables vendoragnostic g deployments reducing infrastructure costs for enterprise xr rollouts,"['oran', 'architecture', 'enables', 'vendoragnostic', 'deployment', 'reducing', 'infrastructure', 'cost', 'enterprise', 'rollouts']",oran architecture enables vendoragnostic deployment reducing infrastructure cost enterprise rollouts,5G/6G Connectivity
Nokia Bell Labs,2024-01-10,Wi-Fi 6E struggles with 50+ simultaneous XR users due to shared spectrum; private 5G scales to 500+ users linearly.,5G_6G_Connectivity,634,Retail,200-500 users,https://www.nokia.com/bell-labs/,wifi e struggles with simultaneous xr users due to shared spectrum private g scales to users linearly,"['wifi', 'struggle', 'simultaneous', 'user', 'due', 'shared', 'spectrum', 'private', 'scale', 'user', 'linearly']",wifi struggle simultaneous user due shared spectrum private scale user linearly,5G/6G Connectivity
IEEE Xplore,2024-01-11,Latency jitter under 5ms is non-negotiable for XR; 5G mmWave achieves 2-3ms consistency vs 15-30ms for Wi-Fi 6.,5G_6G_Connectivity,556,Entertainment,200-500 users,https://ieeexplore.ieee.org/document/10634054/,latency jitter under latency is nonnegotiable for xr g mmwave achieves latency consistency vs latency for wifi,"['latency', 'jitter', 'latency', 'nonnegotiable', 'mmwave', 'achieves', 'latency', 'consistency', 'latency', 'wifi']",latency jitter latency nonnegotiable mmwave achieves latency consistency latency wifi,5G/6G Connectivity
Verizon 5G Labs,2024-01-12,Telefonica's 5G XR trials in automotive assembly lines reduced training time 60% with 200+ workers using AR glasses simultaneously.,5G_6G_Connectivity,380,Healthcare,500+ users,https://www.verizon.com/business/products/5g/,telefonicas g xr trials in automotive assembly lines reduced training time percentage with workers using ar glasses simultaneously,"['telefonicas', 'trial', 'automotive', 'assembly', 'line', 'reduced', 'training', 'time', 'percentage', 'worker', 'using', 'glass', 'simultaneously']",telefonicas trial automotive assembly line reduced training time percentage worker using glass simultaneously,5G/6G Connectivity
Nokia Bell Labs,2024-01-13,"5G networks enable sub-20ms latency required for motion-sickness-free XR experiences, supporting 100+ concurrent AR users in industrial environments.",5G_6G_Connectivity,898,Manufacturing,50-200 users,https://www.nokia.com/bell-labs/,g networks enable sublatency latency required for motionsicknessfree xr experiences supporting concurrent ar users in industrial environments,"['network', 'enable', 'sublatency', 'latency', 'required', 'motionsicknessfree', 'experience', 'supporting', 'concurrent', 'user', 'industrial', 'environment']",network enable sublatency latency required motionsicknessfree experience supporting concurrent user industrial environment,5G/6G Connectivity
Qualcomm Blog,2024-01-14,"Private 5G deployments eliminate Wi-Fi interference in metal-heavy factories, guaranteeing consistent bandwidth for XR fleet operations.",5G_6G_Connectivity,804,Entertainment,50-200 users,https://www.qualcomm.com/products/mobile/snapdragon/xr-vr-ar,private g deployments eliminate wifi interference in metalheavy factories guaranteeing consistent bandwidth for xr fleet operations,"['private', 'deployment', 'eliminate', 'wifi', 'interference', 'metalheavy', 'factory', 'guaranteeing', 'consistent', 'bandwidth', 'fleet', 'operation']",private deployment eliminate wifi interference metalheavy factory guaranteeing consistent bandwidth fleet operation,5G/6G Connectivity
IEEE Xplore,2024-01-15,"Network slicing in 5G Edge allocates dedicated bandwidth for XR workloads, preventing video streaming from degrading AR performance.",5G_6G_Connectivity,320,Entertainment,500+ users,https://ieeexplore.ieee.org/document/10634054/,network slicing in g edge allocates dedicated bandwidth for xr workloads preventing video streaming from degrading ar performance,"['network', 'slicing', 'edge', 'allocates', 'dedicated', 'bandwidth', 'workload', 'preventing', 'video', 'streaming', 'degrading', 'performance']",network slicing edge allocates dedicated bandwidth workload preventing video streaming degrading performance,5G/6G Connectivity
Qualcomm Blog,2024-01-16,"6G research promises 1Gbps sustained bandwidth per XR device, enabling real-time photorealistic hologram transmission.",5G_6G_Connectivity,690,Manufacturing,200-500 users,https://www.qualcomm.com/products/mobile/snapdragon/xr-vr-ar,g research promises gbps sustained bandwidth per xr device enabling realtime photorealistic hologram transmission,"['research', 'promise', 'gbps', 'sustained', 'bandwidth', 'per', 'device', 'enabling', 'realtime', 'photorealistic', 'hologram', 'transmission']",research promise gbps sustained bandwidth per device enabling realtime photorealistic hologram transmission,5G/6G Connectivity
IEEE Xplore,2024-01-17,"Multi-access Edge Computing (MEC) with 5G reduces latency from 100ms (cloud) to 5ms (edge), critical for surgical training XR.",5G_6G_Connectivity,185,Healthcare,200-500 users,https://ieeexplore.ieee.org/document/10634054/,multiaccess edge computing mec with g reduces latency from latency cloud to latency edge critical for surgical training xr,"['multiaccess', 'edge', 'computing', 'mec', 'reduces', 'latency', 'latency', 'cloud', 'latency', 'edge', 'critical', 'surgical', 'training']",multiaccess edge computing mec reduces latency latency cloud latency edge critical surgical training,5G/6G Connectivity
Nokia Bell Labs,2024-01-18,"Ericsson's 5G standalone architecture supports 10,000+ XR devices per cell site through dynamic spectrum sharing.",5G_6G_Connectivity,674,Manufacturing,50-200 users,https://www.nokia.com/bell-labs/,ericssons g standalone architecture supports xr devices per cell site through dynamic spectrum sharing,"['ericssons', 'standalone', 'architecture', 'support', 'device', 'per', 'cell', 'site', 'dynamic', 'spectrum', 'sharing']",ericssons standalone architecture support device per cell site dynamic spectrum sharing,5G/6G Connectivity
Ericsson Reports,2024-01-19,"Qualcomm Snapdragon XR2+ chips optimize 5G modem integration, reducing battery drain by 40% during cloud rendering.",5G_6G_Connectivity,309,Entertainment,200-500 users,https://www.ericsson.com/en/reports-and-papers/,qualcomm snapdragon xr chips optimize g modem integration reducing battery drain by percentage during cloud rendering,"['qualcomm', 'snapdragon', 'chip', 'optimize', 'modem', 'integration', 'reducing', 'battery', 'drain', 'percentage', 'cloud', 'rendering']",qualcomm snapdragon chip optimize modem integration reducing battery drain percentage cloud rendering,5G/6G Connectivity
IEEE Xplore,2024-01-20,Verizon 5G Ultra Wideband tested 500 concurrent VR users at NFL stadium with zero frame drops during live events.,5G_6G_Connectivity,848,Education,10-50 users,https://ieeexplore.ieee.org/document/10634054/,verizon g ultra wideband tested concurrent vr users at nfl stadium with zero frame drops during live events,"['verizon', 'ultra', 'wideband', 'tested', 'concurrent', 'user', 'nfl', 'stadium', 'zero', 'frame', 'drop', 'live', 'event']",verizon ultra wideband tested concurrent user nfl stadium zero frame drop live event,5G/6G Connectivity
Qualcomm Blog,2024-01-21,"O-RAN architecture enables vendor-agnostic 5G deployments, reducing infrastructure costs for enterprise XR rollouts.",5G_6G_Connectivity,392,Education,50-200 users,https://www.qualcomm.com/products/mobile/snapdragon/xr-vr-ar,oran architecture enables vendoragnostic g deployments reducing infrastructure costs for enterprise xr rollouts,"['oran', 'architecture', 'enables', 'vendoragnostic', 'deployment', 'reducing', 'infrastructure', 'cost', 'enterprise', 'rollouts']",oran architecture enables vendoragnostic deployment reducing infrastructure cost enterprise rollouts,5G/6G Connectivity
Nokia Bell Labs,2024-01-22,Wi-Fi 6E struggles with 50+ simultaneous XR users due to shared spectrum; private 5G scales to 500+ users linearly.,5G_6G_Connectivity,235,Retail,200-500 users,https://www.nokia.com/bell-labs/,wifi e struggles with simultaneous xr users due to shared spectrum private g scales to users linearly,"['wifi', 'struggle', 'simultaneous', 'user', 'due', 'shared', 'spectrum', 'private', 'scale', 'user', 'linearly']",wifi struggle simultaneous user due shared spectrum private scale user linearly,5G/6G Connectivity
IEEE Xplore,2024-01-23,Latency jitter under 5ms is non-negotiable for XR; 5G mmWave achieves 2-3ms consistency vs 15-30ms for Wi-Fi 6.,5G_6G_Connectivity,727,Manufacturing,50-200 users,https://ieeexplore.ieee.org/document/10634054/,latency jitter under latency is nonnegotiable for xr g mmwave achieves latency consistency vs latency for wifi,"['latency', 'jitter', 'latency', 'nonnegotiable', 'mmwave', 'achieves', 'latency', 'consistency', 'latency', 'wifi']",latency jitter latency nonnegotiable mmwave achieves latency consistency latency wifi,5G/6G Connectivity
Ericsson Reports,2024-01-24,Telefonica's 5G XR trials in automotive assembly lines reduced training time 60% with 200+ workers using AR glasses simultaneously.,5G_6G_Connectivity,831,Manufacturing,10-50 users,https://www.ericsson.com/en/reports-and-papers/,telefonicas g xr trials in automotive assembly lines reduced training time percentage with workers using ar glasses simultaneously,"['telefonicas', 'trial', 'automotive', 'assembly', 'line', 'reduced', 'training', 'time', 'percentage', 'worker', 'using', 'glass', 'simultaneously']",telefonicas trial automotive assembly line reduced training time percentage worker using glass simultaneously,5G/6G Connectivity
Ericsson Reports,2024-01-25,"5G networks enable sub-20ms latency required for motion-sickness-free XR experiences, supporting 100+ concurrent AR users in industrial environments.",5G_6G_Connectivity,706,Retail,50-200 users,https://www.ericsson.com/en/reports-and-papers/,g networks enable sublatency latency required for motionsicknessfree xr experiences supporting concurrent ar users in industrial environments,"['network', 'enable', 'sublatency', 'latency', 'required', 'motionsicknessfree', 'experience', 'supporting', 'concurrent', 'user', 'industrial', 'environment']",network enable sublatency latency required motionsicknessfree experience supporting concurrent user industrial environment,5G/6G Connectivity
Verizon 5G Labs,2024-01-26,"Private 5G deployments eliminate Wi-Fi interference in metal-heavy factories, guaranteeing consistent bandwidth for XR fleet operations.",5G_6G_Connectivity,723,Retail,50-200 users,https://www.verizon.com/business/products/5g/,private g deployments eliminate wifi interference in metalheavy factories guaranteeing consistent bandwidth for xr fleet operations,"['private', 'deployment', 'eliminate', 'wifi', 'interference', 'metalheavy', 'factory', 'guaranteeing', 'consistent', 'bandwidth', 'fleet', 'operation']",private deployment eliminate wifi interference metalheavy factory guaranteeing consistent bandwidth fleet operation,5G/6G Connectivity
Verizon 5G Labs,2024-01-27,"Network slicing in 5G Edge allocates dedicated bandwidth for XR workloads, preventing video streaming from degrading AR performance.",5G_6G_Connectivity,795,Retail,50-200 users,https://www.verizon.com/business/products/5g/,network slicing in g edge allocates dedicated bandwidth for xr workloads preventing video streaming from degrading ar performance,"['network', 'slicing', 'edge', 'allocates', 'dedicated', 'bandwidth', 'workload', 'preventing', 'video', 'streaming', 'degrading', 'performance']",network slicing edge allocates dedicated bandwidth workload preventing video streaming degrading performance,5G/6G Connectivity
Qualcomm Blog,2024-01-28,"6G research promises 1Gbps sustained bandwidth per XR device, enabling real-time photorealistic hologram transmission.",5G_6G_Connectivity,177,Entertainment,50-200 users,https://www.qualcomm.com/products/mobile/snapdragon/xr-vr-ar,g research promises gbps sustained bandwidth per xr device enabling realtime photorealistic hologram transmission,"['research', 'promise', 'gbps', 'sustained', 'bandwidth', 'per', 'device', 'enabling', 'realtime', 'photorealistic', 'hologram', 'transmission']",research promise gbps sustained bandwidth per device enabling realtime photorealistic hologram transmission,5G/6G Connectivity
IEEE Xplore,2024-01-29,"Multi-access Edge Computing (MEC) with 5G reduces latency from 100ms (cloud) to 5ms (edge), critical for surgical training XR.",5G_6G_Connectivity,769,Manufacturing,10-50 users,https://ieeexplore.ieee.org/document/10634054/,multiaccess edge computing mec with g reduces latency from latency cloud to latency edge critical for surgical training xr,"['multiaccess', 'edge', 'computing', 'mec', 'reduces', 'latency', 'latency', 'cloud', 'latency', 'edge', 'critical', 'surgical', 'training']",multiaccess edge computing mec reduces latency latency cloud latency edge critical surgical training,5G/6G Connectivity
IEEE Xplore,2024-01-30,"Ericsson's 5G standalone architecture supports 10,000+ XR devices per cell site through dynamic spectrum sharing.",5G_6G_Connectivity,705,Entertainment,500+ users,https://ieeexplore.ieee.org/document/10634054/,ericssons g standalone architecture supports xr devices per cell site through dynamic spectrum sharing,"['ericssons', 'standalone', 'architecture', 'support', 'device', 'per', 'cell', 'site', 'dynamic', 'spectrum', 'sharing']",ericssons standalone architecture support device per cell site dynamic spectrum sharing,5G/6G Connectivity
Verizon 5G Labs,2024-01-31,"Qualcomm Snapdragon XR2+ chips optimize 5G modem integration, reducing battery drain by 40% during cloud rendering.",5G_6G_Connectivity,489,Retail,50-200 users,https://www.verizon.com/business/products/5g/,qualcomm snapdragon xr chips optimize g modem integration reducing battery drain by percentage during cloud rendering,"['qualcomm', 'snapdragon', 'chip', 'optimize', 'modem', 'integration', 'reducing', 'battery', 'drain', 'percentage', 'cloud', 'rendering']",qualcomm snapdragon chip optimize modem integration reducing battery drain percentage cloud rendering,5G/6G Connectivity
IEEE Xplore,2024-02-01,Verizon 5G Ultra Wideband tested 500 concurrent VR users at NFL stadium with zero frame drops during live events.,5G_6G_Connectivity,480,Manufacturing,50-200 users,https://ieeexplore.ieee.org/document/10634054/,verizon g ultra wideband tested concurrent vr users at nfl stadium with zero frame drops during live events,"['verizon', 'ultra', 'wideband', 'tested', 'concurrent', 'user', 'nfl', 'stadium', 'zero', 'frame', 'drop', 'live', 'event']",verizon ultra wideband tested concurrent user nfl stadium zero frame drop live event,5G/6G Connectivity
IEEE Xplore,2024-02-02,"O-RAN architecture enables vendor-agnostic 5G deployments, reducing infrastructure costs for enterprise XR rollouts.",5G_6G_Connectivity,789,Entertainment,200-500 users,https://ieeexplore.ieee.org/document/10634054/,oran architecture enables vendoragnostic g deployments reducing infrastructure costs for enterprise xr rollouts,"['oran', 'architecture', 'enables', 'vendoragnostic', 'deployment', 'reducing', 'infrastructure', 'cost', 'enterprise', 'rollouts']",oran architecture enables vendoragnostic deployment reducing infrastructure cost enterprise rollouts,5G/6G Connectivity
Ericsson Reports,2024-02-03,Wi-Fi 6E struggles with 50+ simultaneous XR users due to shared spectrum; private 5G scales to 500+ users linearly.,5G_6G_Connectivity,655,Entertainment,50-200 users,https://www.ericsson.com/en/reports-and-papers/,wifi e struggles with simultaneous xr users due to shared spectrum private g scales to users linearly,"['wifi', 'struggle', 'simultaneous', 'user', 'due', 'shared', 'spectrum', 'private', 'scale', 'user', 'linearly']",wifi struggle simultaneous user due shared spectrum private scale user linearly,5G/6G Connectivity
Verizon 5G Labs,2024-02-04,Latency jitter under 5ms is non-negotiable for XR; 5G mmWave achieves 2-3ms consistency vs 15-30ms for Wi-Fi 6.,5G_6G_Connectivity,497,Retail,200-500 users,https://www.verizon.com/business/products/5g/,latency jitter under latency is nonnegotiable for xr g mmwave achieves latency consistency vs latency for wifi,"['latency', 'jitter', 'latency', 'nonnegotiable', 'mmwave', 'achieves', 'latency', 'consistency', 'latency', 'wifi']",latency jitter latency nonnegotiable mmwave achieves latency consistency latency wifi,5G/6G Connectivity
Nokia Bell Labs,2024-02-05,Telefonica's 5G XR trials in automotive assembly lines reduced training time 60% with 200+ workers using AR glasses simultaneously.,5G_6G_Connectivity,622,Manufacturing,500+ users,https://www.nokia.com/bell-labs/,telefonicas g xr trials in automotive assembly lines reduced training time percentage with workers using ar glasses simultaneously,"['telefonicas', 'trial', 'automotive', 'assembly', 'line', 'reduced', 'training', 'time', 'percentage', 'worker', 'using', 'glass', 'simultaneously']",telefonicas trial automotive assembly line reduced training time percentage worker using glass simultaneously,5G/6G Connectivity
Verizon 5G Labs,2024-02-06,"5G networks enable sub-20ms latency required for motion-sickness-free XR experiences, supporting 100+ concurrent AR users in industrial environments.",5G_6G_Connectivity,380,Retail,10-50 users,https://www.verizon.com/business/products/5g/,g networks enable sublatency latency required for motionsicknessfree xr experiences supporting concurrent ar users in industrial environments,"['network', 'enable', 'sublatency', 'latency', 'required', 'motionsicknessfree', 'experience', 'supporting', 'concurrent', 'user', 'industrial', 'environment']",network enable sublatency latency required motionsicknessfree experience supporting concurrent user industrial environment,5G/6G Connectivity
Nokia Bell Labs,2024-02-07,"Private 5G deployments eliminate Wi-Fi interference in metal-heavy factories, guaranteeing consistent bandwidth for XR fleet operations.",5G_6G_Connectivity,339,Manufacturing,10-50 users,https://www.nokia.com/bell-labs/,private g deployments eliminate wifi interference in metalheavy factories guaranteeing consistent bandwidth for xr fleet operations,"['private', 'deployment', 'eliminate', 'wifi', 'interference', 'metalheavy', 'factory', 'guaranteeing', 'consistent', 'bandwidth', 'fleet', 'operation']",private deployment eliminate wifi interference metalheavy factory guaranteeing consistent bandwidth fleet operation,5G/6G Connectivity
Ericsson Reports,2024-02-08,"Network slicing in 5G Edge allocates dedicated bandwidth for XR workloads, preventing video streaming from degrading AR performance.",5G_6G_Connectivity,374,Education,500+ users,https://www.ericsson.com/en/reports-and-papers/,network slicing in g edge allocates dedicated bandwidth for xr workloads preventing video streaming from degrading ar performance,"['network', 'slicing', 'edge', 'allocates', 'dedicated', 'bandwidth', 'workload', 'preventing', 'video', 'streaming', 'degrading', 'performance']",network slicing edge allocates dedicated bandwidth workload preventing video streaming degrading performance,5G/6G Connectivity
Qualcomm Blog,2024-02-09,"6G research promises 1Gbps sustained bandwidth per XR device, enabling real-time photorealistic hologram transmission.",5G_6G_Connectivity,534,Healthcare,10-50 users,https://www.qualcomm.com/products/mobile/snapdragon/xr-vr-ar,g research promises gbps sustained bandwidth per xr device enabling realtime photorealistic hologram transmission,"['research', 'promise', 'gbps', 'sustained', 'bandwidth', 'per', 'device', 'enabling', 'realtime', 'photorealistic', 'hologram', 'transmission']",research promise gbps sustained bandwidth per device enabling realtime photorealistic hologram transmission,5G/6G Connectivity
IEEE Xplore,2024-02-10,"Multi-access Edge Computing (MEC) with 5G reduces latency from 100ms (cloud) to 5ms (edge), critical for surgical training XR.",5G_6G_Connectivity,526,Healthcare,500+ users,https://ieeexplore.ieee.org/document/10634054/,multiaccess edge computing mec with g reduces latency from latency cloud to latency edge critical for surgical training xr,"['multiaccess', 'edge', 'computing', 'mec', 'reduces', 'latency', 'latency', 'cloud', 'latency', 'edge', 'critical', 'surgical', 'training']",multiaccess edge computing mec reduces latency latency cloud latency edge critical surgical training,5G/6G Connectivity
Ericsson Reports,2024-02-11,"Ericsson's 5G standalone architecture supports 10,000+ XR devices per cell site through dynamic spectrum sharing.",5G_6G_Connectivity,432,Healthcare,500+ users,https://www.ericsson.com/en/reports-and-papers/,ericssons g standalone architecture supports xr devices per cell site through dynamic spectrum sharing,"['ericssons', 'standalone', 'architecture', 'support', 'device', 'per', 'cell', 'site', 'dynamic', 'spectrum', 'sharing']",ericssons standalone architecture support device per cell site dynamic spectrum sharing,5G/6G Connectivity
IEEE Xplore,2024-02-12,"Qualcomm Snapdragon XR2+ chips optimize 5G modem integration, reducing battery drain by 40% during cloud rendering.",5G_6G_Connectivity,782,Retail,500+ users,https://ieeexplore.ieee.org/document/10634054/,qualcomm snapdragon xr chips optimize g modem integration reducing battery drain by percentage during cloud rendering,"['qualcomm', 'snapdragon', 'chip', 'optimize', 'modem', 'integration', 'reducing', 'battery', 'drain', 'percentage', 'cloud', 'rendering']",qualcomm snapdragon chip optimize modem integration reducing battery drain percentage cloud rendering,5G/6G Connectivity
Qualcomm Blog,2024-02-13,Verizon 5G Ultra Wideband tested 500 concurrent VR users at NFL stadium with zero frame drops during live events.,5G_6G_Connectivity,777,Education,10-50 users,https://www.qualcomm.com/products/mobile/snapdragon/xr-vr-ar,verizon g ultra wideband tested concurrent vr users at nfl stadium with zero frame drops during live events,"['verizon', 'ultra', 'wideband', 'tested', 'concurrent', 'user', 'nfl', 'stadium', 'zero', 'frame', 'drop', 'live', 'event']",verizon ultra wideband tested concurrent user nfl stadium zero frame drop live event,5G/6G Connectivity
Qualcomm Blog,2024-02-14,"O-RAN architecture enables vendor-agnostic 5G deployments, reducing infrastructure costs for enterprise XR rollouts.",5G_6G_Connectivity,894,Manufacturing,200-500 users,https://www.qualcomm.com/products/mobile/snapdragon/xr-vr-ar,oran architecture enables vendoragnostic g deployments reducing infrastructure costs for enterprise xr rollouts,"['oran', 'architecture', 'enables', 'vendoragnostic', 'deployment', 'reducing', 'infrastructure', 'cost', 'enterprise', 'rollouts']",oran architecture enables vendoragnostic deployment reducing infrastructure cost enterprise rollouts,5G/6G Connectivity
Ericsson Reports,2024-02-15,Wi-Fi 6E struggles with 50+ simultaneous XR users due to shared spectrum; private 5G scales to 500+ users linearly.,5G_6G_Connectivity,408,Entertainment,500+ users,https://www.ericsson.com/en/reports-and-papers/,wifi e struggles with simultaneous xr users due to shared spectrum private g scales to users linearly,"['wifi', 'struggle', 'simultaneous', 'user', 'due', 'shared', 'spectrum', 'private', 'scale', 'user', 'linearly']",wifi struggle simultaneous user due shared spectrum private scale user linearly,5G/6G Connectivity
Qualcomm Blog,2024-02-16,Latency jitter under 5ms is non-negotiable for XR; 5G mmWave achieves 2-3ms consistency vs 15-30ms for Wi-Fi 6.,5G_6G_Connectivity,508,Manufacturing,50-200 users,https://www.qualcomm.com/products/mobile/snapdragon/xr-vr-ar,latency jitter under latency is nonnegotiable for xr g mmwave achieves latency consistency vs latency for wifi,"['latency', 'jitter', 'latency', 'nonnegotiable', 'mmwave', 'achieves', 'latency', 'consistency', 'latency', 'wifi']",latency jitter latency nonnegotiable mmwave achieves latency consistency latency wifi,5G/6G Connectivity
Nokia Bell Labs,2024-02-17,Telefonica's 5G XR trials in automotive assembly lines reduced training time 60% with 200+ workers using AR glasses simultaneously.,5G_6G_Connectivity,859,Entertainment,10-50 users,https://www.nokia.com/bell-labs/,telefonicas g xr trials in automotive assembly lines reduced training time percentage with workers using ar glasses simultaneously,"['telefonicas', 'trial', 'automotive', 'assembly', 'line', 'reduced', 'training', 'time', 'percentage', 'worker', 'using', 'glass', 'simultaneously']",telefonicas trial automotive assembly line reduced training time percentage worker using glass simultaneously,5G/6G Connectivity
Qualcomm Blog,2024-02-18,"5G networks enable sub-20ms latency required for motion-sickness-free XR experiences, supporting 100+ concurrent AR users in industrial environments.",5G_6G_Connectivity,605,Manufacturing,500+ users,https://www.qualcomm.com/products/mobile/snapdragon/xr-vr-ar,g networks enable sublatency latency required for motionsicknessfree xr experiences supporting concurrent ar users in industrial environments,"['network', 'enable', 'sublatency', 'latency', 'required', 'motionsicknessfree', 'experience', 'supporting', 'concurrent', 'user', 'industrial', 'environment']",network enable sublatency latency required motionsicknessfree experience supporting concurrent user industrial environment,5G/6G Connectivity
IEEE Xplore,2024-02-19,"Private 5G deployments eliminate Wi-Fi interference in metal-heavy factories, guaranteeing consistent bandwidth for XR fleet operations.",5G_6G_Connectivity,560,Education,500+ users,https://ieeexplore.ieee.org/document/10634054/,private g deployments eliminate wifi interference in metalheavy factories guaranteeing consistent bandwidth for xr fleet operations,"['private', 'deployment', 'eliminate', 'wifi', 'interference', 'metalheavy', 'factory', 'guaranteeing', 'consistent', 'bandwidth', 'fleet', 'operation']",private deployment eliminate wifi interference metalheavy factory guaranteeing consistent bandwidth fleet operation,5G/6G Connectivity
IEEE Xplore,2024-02-20,"Network slicing in 5G Edge allocates dedicated bandwidth for XR workloads, preventing video streaming from degrading AR performance.",5G_6G_Connectivity,798,Entertainment,50-200 users,https://ieeexplore.ieee.org/document/10634054/,network slicing in g edge allocates dedicated bandwidth for xr workloads preventing video streaming from degrading ar performance,"['network', 'slicing', 'edge', 'allocates', 'dedicated', 'bandwidth', 'workload', 'preventing', 'video', 'streaming', 'degrading', 'performance']",network slicing edge allocates dedicated bandwidth workload preventing video streaming degrading performance,5G/6G Connectivity
IEEE Xplore,2024-02-21,"6G research promises 1Gbps sustained bandwidth per XR device, enabling real-time photorealistic hologram transmission.",5G_6G_Connectivity,467,Retail,200-500 users,https://ieeexplore.ieee.org/document/10634054/,g research promises gbps sustained bandwidth per xr device enabling realtime photorealistic hologram transmission,"['research', 'promise', 'gbps', 'sustained', 'bandwidth', 'per', 'device', 'enabling', 'realtime', 'photorealistic', 'hologram', 'transmission']",research promise gbps sustained bandwidth per device enabling realtime photorealistic hologram transmission,5G/6G Connectivity
IEEE Xplore,2024-02-22,"Multi-access Edge Computing (MEC) with 5G reduces latency from 100ms (cloud) to 5ms (edge), critical for surgical training XR.",5G_6G_Connectivity,826,Manufacturing,200-500 users,https://ieeexplore.ieee.org/document/10634054/,multiaccess edge computing mec with g reduces latency from latency cloud to latency edge critical for surgical training xr,"['multiaccess', 'edge', 'computing', 'mec', 'reduces', 'latency', 'latency', 'cloud', 'latency', 'edge', 'critical', 'surgical', 'training']",multiaccess edge computing mec reduces latency latency cloud latency edge critical surgical training,5G/6G Connectivity
Nokia Bell Labs,2024-02-23,"Ericsson's 5G standalone architecture supports 10,000+ XR devices per cell site through dynamic spectrum sharing.",5G_6G_Connectivity,374,Manufacturing,200-500 users,https://www.nokia.com/bell-labs/,ericssons g standalone architecture supports xr devices per cell site through dynamic spectrum sharing,"['ericssons', 'standalone', 'architecture', 'support', 'device', 'per', 'cell', 'site', 'dynamic', 'spectrum', 'sharing']",ericssons standalone architecture support device per cell site dynamic spectrum sharing,5G/6G Connectivity
Verizon 5G Labs,2024-02-24,"Qualcomm Snapdragon XR2+ chips optimize 5G modem integration, reducing battery drain by 40% during cloud rendering.",5G_6G_Connectivity,383,Entertainment,500+ users,https://www.verizon.com/business/products/5g/,qualcomm snapdragon xr chips optimize g modem integration reducing battery drain by percentage during cloud rendering,"['qualcomm', 'snapdragon', 'chip', 'optimize', 'modem', 'integration', 'reducing', 'battery', 'drain', 'percentage', 'cloud', 'rendering']",qualcomm snapdragon chip optimize modem integration reducing battery drain percentage cloud rendering,5G/6G Connectivity
Ericsson Reports,2024-02-25,Verizon 5G Ultra Wideband tested 500 concurrent VR users at NFL stadium with zero frame drops during live events.,5G_6G_Connectivity,833,Retail,500+ users,https://www.ericsson.com/en/reports-and-papers/,verizon g ultra wideband tested concurrent vr users at nfl stadium with zero frame drops during live events,"['verizon', 'ultra', 'wideband', 'tested', 'concurrent', 'user', 'nfl', 'stadium', 'zero', 'frame', 'drop', 'live', 'event']",verizon ultra wideband tested concurrent user nfl stadium zero frame drop live event,5G/6G Connectivity
IEEE Xplore,2024-02-26,"O-RAN architecture enables vendor-agnostic 5G deployments, reducing infrastructure costs for enterprise XR rollouts.",5G_6G_Connectivity,813,Retail,500+ users,https://ieeexplore.ieee.org/document/10634054/,oran architecture enables vendoragnostic g deployments reducing infrastructure costs for enterprise xr rollouts,"['oran', 'architecture', 'enables', 'vendoragnostic', 'deployment', 'reducing', 'infrastructure', 'cost', 'enterprise', 'rollouts']",oran architecture enables vendoragnostic deployment reducing infrastructure cost enterprise rollouts,5G/6G Connectivity
Qualcomm Blog,2024-02-27,Wi-Fi 6E struggles with 50+ simultaneous XR users due to shared spectrum; private 5G scales to 500+ users linearly.,5G_6G_Connectivity,523,Education,10-50 users,https://www.qualcomm.com/products/mobile/snapdragon/xr-vr-ar,wifi e struggles with simultaneous xr users due to shared spectrum private g scales to users linearly,"['wifi', 'struggle', 'simultaneous', 'user', 'due', 'shared', 'spectrum', 'private', 'scale', 'user', 'linearly']",wifi struggle simultaneous user due shared spectrum private scale user linearly,5G/6G Connectivity
IEEE Xplore,2024-02-28,Latency jitter under 5ms is non-negotiable for XR; 5G mmWave achieves 2-3ms consistency vs 15-30ms for Wi-Fi 6.,5G_6G_Connectivity,821,Retail,50-200 users,https://ieeexplore.ieee.org/document/10634054/,latency jitter under latency is nonnegotiable for xr g mmwave achieves latency consistency vs latency for wifi,"['latency', 'jitter', 'latency', 'nonnegotiable', 'mmwave', 'achieves', 'latency', 'consistency', 'latency', 'wifi']",latency jitter latency nonnegotiable mmwave achieves latency consistency latency wifi,5G/6G Connectivity
Qualcomm Blog,2024-02-29,Telefonica's 5G XR trials in automotive assembly lines reduced training time 60% with 200+ workers using AR glasses simultaneously.,5G_6G_Connectivity,757,Retail,500+ users,https://www.qualcomm.com/products/mobile/snapdragon/xr-vr-ar,telefonicas g xr trials in automotive assembly lines reduced training time percentage with workers using ar glasses simultaneously,"['telefonicas', 'trial', 'automotive', 'assembly', 'line', 'reduced', 'training', 'time', 'percentage', 'worker', 'using', 'glass', 'simultaneously']",telefonicas trial automotive assembly line reduced training time percentage worker using glass simultaneously,5G/6G Connectivity
Qualcomm Blog,2024-03-01,"5G networks enable sub-20ms latency required for motion-sickness-free XR experiences, supporting 100+ concurrent AR users in industrial environments.",5G_6G_Connectivity,621,Retail,50-200 users,https://www.qualcomm.com/products/mobile/snapdragon/xr-vr-ar,g networks enable sublatency latency required for motionsicknessfree xr experiences supporting concurrent ar users in industrial environments,"['network', 'enable', 'sublatency', 'latency', 'required', 'motionsicknessfree', 'experience', 'supporting', 'concurrent', 'user', 'industrial', 'environment']",network enable sublatency latency required motionsicknessfree experience supporting concurrent user industrial environment,5G/6G Connectivity
IEEE Xplore,2024-03-02,"Private 5G deployments eliminate Wi-Fi interference in metal-heavy factories, guaranteeing consistent bandwidth for XR fleet operations.",5G_6G_Connectivity,382,Healthcare,50-200 users,https://ieeexplore.ieee.org/document/10634054/,private g deployments eliminate wifi interference in metalheavy factories guaranteeing consistent bandwidth for xr fleet operations,"['private', 'deployment', 'eliminate', 'wifi', 'interference', 'metalheavy', 'factory', 'guaranteeing', 'consistent', 'bandwidth', 'fleet', 'operation']",private deployment eliminate wifi interference metalheavy factory guaranteeing consistent bandwidth fleet operation,5G/6G Connectivity
Nokia Bell Labs,2024-03-03,"Network slicing in 5G Edge allocates dedicated bandwidth for XR workloads, preventing video streaming from degrading AR performance.",5G_6G_Connectivity,841,Education,200-500 users,https://www.nokia.com/bell-labs/,network slicing in g edge allocates dedicated bandwidth for xr workloads preventing video streaming from degrading ar performance,"['network', 'slicing', 'edge', 'allocates', 'dedicated', 'bandwidth', 'workload', 'preventing', 'video', 'streaming', 'degrading', 'performance']",network slicing edge allocates dedicated bandwidth workload preventing video streaming degrading performance,5G/6G Connectivity
Qualcomm Blog,2024-03-04,"6G research promises 1Gbps sustained bandwidth per XR device, enabling real-time photorealistic hologram transmission.",5G_6G_Connectivity,262,Manufacturing,10-50 users,https://www.qualcomm.com/products/mobile/snapdragon/xr-vr-ar,g research promises gbps sustained bandwidth per xr device enabling realtime photorealistic hologram transmission,"['research', 'promise', 'gbps', 'sustained', 'bandwidth', 'per', 'device', 'enabling', 'realtime', 'photorealistic', 'hologram', 'transmission']",research promise gbps sustained bandwidth per device enabling realtime photorealistic hologram transmission,5G/6G Connectivity
Qualcomm Blog,2024-03-05,"Multi-access Edge Computing (MEC) with 5G reduces latency from 100ms (cloud) to 5ms (edge), critical for surgical training XR.",5G_6G_Connectivity,646,Entertainment,500+ users,https://www.qualcomm.com/products/mobile/snapdragon/xr-vr-ar,multiaccess edge computing mec with g reduces latency from latency cloud to latency edge critical for surgical training xr,"['multiaccess', 'edge', 'computing', 'mec', 'reduces', 'latency', 'latency', 'cloud', 'latency', 'edge', 'critical', 'surgical', 'training']",multiaccess edge computing mec reduces latency latency cloud latency edge critical surgical training,5G/6G Connectivity
IEEE Xplore,2024-03-06,"Ericsson's 5G standalone architecture supports 10,000+ XR devices per cell site through dynamic spectrum sharing.",5G_6G_Connectivity,591,Manufacturing,200-500 users,https://ieeexplore.ieee.org/document/10634054/,ericssons g standalone architecture supports xr devices per cell site through dynamic spectrum sharing,"['ericssons', 'standalone', 'architecture', 'support', 'device', 'per', 'cell', 'site', 'dynamic', 'spectrum', 'sharing']",ericssons standalone architecture support device per cell site dynamic spectrum sharing,5G/6G Connectivity
Qualcomm Blog,2024-03-07,"Qualcomm Snapdragon XR2+ chips optimize 5G modem integration, reducing battery drain by 40% during cloud rendering.",5G_6G_Connectivity,713,Education,200-500 users,https://www.qualcomm.com/products/mobile/snapdragon/xr-vr-ar,qualcomm snapdragon xr chips optimize g modem integration reducing battery drain by percentage during cloud rendering,"['qualcomm', 'snapdragon', 'chip', 'optimize', 'modem', 'integration', 'reducing', 'battery', 'drain', 'percentage', 'cloud', 'rendering']",qualcomm snapdragon chip optimize modem integration reducing battery drain percentage cloud rendering,5G/6G Connectivity
Qualcomm Blog,2024-03-08,Verizon 5G Ultra Wideband tested 500 concurrent VR users at NFL stadium with zero frame drops during live events.,5G_6G_Connectivity,417,Entertainment,500+ users,https://www.qualcomm.com/products/mobile/snapdragon/xr-vr-ar,verizon g ultra wideband tested concurrent vr users at nfl stadium with zero frame drops during live events,"['verizon', 'ultra', 'wideband', 'tested', 'concurrent', 'user', 'nfl', 'stadium', 'zero', 'frame', 'drop', 'live', 'event']",verizon ultra wideband tested concurrent user nfl stadium zero frame drop live event,5G/6G Connectivity
IEEE Xplore,2024-03-09,"O-RAN architecture enables vendor-agnostic 5G deployments, reducing infrastructure costs for enterprise XR rollouts.",5G_6G_Connectivity,659,Education,50-200 users,https://ieeexplore.ieee.org/document/10634054/,oran architecture enables vendoragnostic g deployments reducing infrastructure costs for enterprise xr rollouts,"['oran', 'architecture', 'enables', 'vendoragnostic', 'deployment', 'reducing', 'infrastructure', 'cost', 'enterprise', 'rollouts']",oran architecture enables vendoragnostic deployment reducing infrastructure cost enterprise rollouts,5G/6G Connectivity
IEEE Xplore,2024-03-10,Wi-Fi 6E struggles with 50+ simultaneous XR users due to shared spectrum; private 5G scales to 500+ users linearly.,5G_6G_Connectivity,535,Retail,200-500 users,https://ieeexplore.ieee.org/document/10634054/,wifi e struggles with simultaneous xr users due to shared spectrum private g scales to users linearly,"['wifi', 'struggle', 'simultaneous', 'user', 'due', 'shared', 'spectrum', 'private', 'scale', 'user', 'linearly']",wifi struggle simultaneous user due shared spectrum private scale user linearly,5G/6G Connectivity
Ericsson Reports,2024-03-11,Latency jitter under 5ms is non-negotiable for XR; 5G mmWave achieves 2-3ms consistency vs 15-30ms for Wi-Fi 6.,5G_6G_Connectivity,536,Entertainment,50-200 users,https://www.ericsson.com/en/reports-and-papers/,latency jitter under latency is nonnegotiable for xr g mmwave achieves latency consistency vs latency for wifi,"['latency', 'jitter', 'latency', 'nonnegotiable', 'mmwave', 'achieves', 'latency', 'consistency', 'latency', 'wifi']",latency jitter latency nonnegotiable mmwave achieves latency consistency latency wifi,5G/6G Connectivity
Nokia Bell Labs,2024-03-12,Telefonica's 5G XR trials in automotive assembly lines reduced training time 60% with 200+ workers using AR glasses simultaneously.,5G_6G_Connectivity,262,Retail,10-50 users,https://www.nokia.com/bell-labs/,telefonicas g xr trials in automotive assembly lines reduced training time percentage with workers using ar glasses simultaneously,"['telefonicas', 'trial', 'automotive', 'assembly', 'line', 'reduced', 'training', 'time', 'percentage', 'worker', 'using', 'glass', 'simultaneously']",telefonicas trial automotive assembly line reduced training time percentage worker using glass simultaneously,5G/6G Connectivity
Nokia Bell Labs,2024-03-13,"5G networks enable sub-20ms latency required for motion-sickness-free XR experiences, supporting 100+ concurrent AR users in industrial environments.",5G_6G_Connectivity,762,Manufacturing,50-200 users,https://www.nokia.com/bell-labs/,g networks enable sublatency latency required for motionsicknessfree xr experiences supporting concurrent ar users in industrial environments,"['network', 'enable', 'sublatency', 'latency', 'required', 'motionsicknessfree', 'experience', 'supporting', 'concurrent', 'user', 'industrial', 'environment']",network enable sublatency latency required motionsicknessfree experience supporting concurrent user industrial environment,5G/6G Connectivity
Qualcomm Blog,2024-03-14,"Private 5G deployments eliminate Wi-Fi interference in metal-heavy factories, guaranteeing consistent bandwidth for XR fleet operations.",5G_6G_Connectivity,774,Manufacturing,10-50 users,https://www.qualcomm.com/products/mobile/snapdragon/xr-vr-ar,private g deployments eliminate wifi interference in metalheavy factories guaranteeing consistent bandwidth for xr fleet operations,"['private', 'deployment', 'eliminate', 'wifi', 'interference', 'metalheavy', 'factory', 'guaranteeing', 'consistent', 'bandwidth', 'fleet', 'operation']",private deployment eliminate wifi interference metalheavy factory guaranteeing consistent bandwidth fleet operation,5G/6G Connectivity
Nokia Bell Labs,2024-03-15,"Network slicing in 5G Edge allocates dedicated bandwidth for XR workloads, preventing video streaming from degrading AR performance.",5G_6G_Connectivity,230,Entertainment,50-200 users,https://www.nokia.com/bell-labs/,network slicing in g edge allocates dedicated bandwidth for xr workloads preventing video streaming from degrading ar performance,"['network', 'slicing', 'edge', 'allocates', 'dedicated', 'bandwidth', 'workload', 'preventing', 'video', 'streaming', 'degrading', 'performance']",network slicing edge allocates dedicated bandwidth workload preventing video streaming degrading performance,5G/6G Connectivity
Qualcomm Blog,2024-03-16,"6G research promises 1Gbps sustained bandwidth per XR device, enabling real-time photorealistic hologram transmission.",5G_6G_Connectivity,848,Entertainment,200-500 users,https://www.qualcomm.com/products/mobile/snapdragon/xr-vr-ar,g research promises gbps sustained bandwidth per xr device enabling realtime photorealistic hologram transmission,"['research', 'promise', 'gbps', 'sustained', 'bandwidth', 'per', 'device', 'enabling', 'realtime', 'photorealistic', 'hologram', 'transmission']",research promise gbps sustained bandwidth per device enabling realtime photorealistic hologram transmission,5G/6G Connectivity
Ericsson Reports,2024-03-17,"Multi-access Edge Computing (MEC) with 5G reduces latency from 100ms (cloud) to 5ms (edge), critical for surgical training XR.",5G_6G_Connectivity,262,Education,200-500 users,https://www.ericsson.com/en/reports-and-papers/,multiaccess edge computing mec with g reduces latency from latency cloud to latency edge critical for surgical training xr,"['multiaccess', 'edge', 'computing', 'mec', 'reduces', 'latency', 'latency', 'cloud', 'latency', 'edge', 'critical', 'surgical', 'training']",multiaccess edge computing mec reduces latency latency cloud latency edge critical surgical training,5G/6G Connectivity
IEEE Xplore,2024-03-18,"Ericsson's 5G standalone architecture supports 10,000+ XR devices per cell site through dynamic spectrum sharing.",5G_6G_Connectivity,151,Education,10-50 users,https://ieeexplore.ieee.org/document/10634054/,ericssons g standalone architecture supports xr devices per cell site through dynamic spectrum sharing,"['ericssons', 'standalone', 'architecture', 'support', 'device', 'per', 'cell', 'site', 'dynamic', 'spectrum', 'sharing']",ericssons standalone architecture support device per cell site dynamic spectrum sharing,5G/6G Connectivity
IEEE Xplore,2024-03-19,"Qualcomm Snapdragon XR2+ chips optimize 5G modem integration, reducing battery drain by 40% during cloud rendering.",5G_6G_Connectivity,791,Retail,500+ users,https://ieeexplore.ieee.org/document/10634054/,qualcomm snapdragon xr chips optimize g modem integration reducing battery drain by percentage during cloud rendering,"['qualcomm', 'snapdragon', 'chip', 'optimize', 'modem', 'integration', 'reducing', 'battery', 'drain', 'percentage', 'cloud', 'rendering']",qualcomm snapdragon chip optimize modem integration reducing battery drain percentage cloud rendering,5G/6G Connectivity
IEEE Xplore,2024-03-20,Verizon 5G Ultra Wideband tested 500 concurrent VR users at NFL stadium with zero frame drops during live events.,5G_6G_Connectivity,369,Entertainment,10-50 users,https://ieeexplore.ieee.org/document/10634054/,verizon g ultra wideband tested concurrent vr users at nfl stadium with zero frame drops during live events,"['verizon', 'ultra', 'wideband', 'tested', 'concurrent', 'user', 'nfl', 'stadium', 'zero', 'frame', 'drop', 'live', 'event']",verizon ultra wideband tested concurrent user nfl stadium zero frame drop live event,5G/6G Connectivity
Nokia Bell Labs,2024-03-21,"O-RAN architecture enables vendor-agnostic 5G deployments, reducing infrastructure costs for enterprise XR rollouts.",5G_6G_Connectivity,715,Manufacturing,10-50 users,https://www.nokia.com/bell-labs/,oran architecture enables vendoragnostic g deployments reducing infrastructure costs for enterprise xr rollouts,"['oran', 'architecture', 'enables', 'vendoragnostic', 'deployment', 'reducing', 'infrastructure', 'cost', 'enterprise', 'rollouts']",oran architecture enables vendoragnostic deployment reducing infrastructure cost enterprise rollouts,5G/6G Connectivity
Ericsson Reports,2024-03-22,Wi-Fi 6E struggles with 50+ simultaneous XR users due to shared spectrum; private 5G scales to 500+ users linearly.,5G_6G_Connectivity,885,Education,50-200 users,https://www.ericsson.com/en/reports-and-papers/,wifi e struggles with simultaneous xr users due to shared spectrum private g scales to users linearly,"['wifi', 'struggle', 'simultaneous', 'user', 'due', 'shared', 'spectrum', 'private', 'scale', 'user', 'linearly']",wifi struggle simultaneous user due shared spectrum private scale user linearly,5G/6G Connectivity
Nokia Bell Labs,2024-03-23,Latency jitter under 5ms is non-negotiable for XR; 5G mmWave achieves 2-3ms consistency vs 15-30ms for Wi-Fi 6.,5G_6G_Connectivity,374,Education,50-200 users,https://www.nokia.com/bell-labs/,latency jitter under latency is nonnegotiable for xr g mmwave achieves latency consistency vs latency for wifi,"['latency', 'jitter', 'latency', 'nonnegotiable', 'mmwave', 'achieves', 'latency', 'consistency', 'latency', 'wifi']",latency jitter latency nonnegotiable mmwave achieves latency consistency latency wifi,5G/6G Connectivity
Nokia Bell Labs,2024-03-24,Telefonica's 5G XR trials in automotive assembly lines reduced training time 60% with 200+ workers using AR glasses simultaneously.,5G_6G_Connectivity,534,Manufacturing,10-50 users,https://www.nokia.com/bell-labs/,telefonicas g xr trials in automotive assembly lines reduced training time percentage with workers using ar glasses simultaneously,"['telefonicas', 'trial', 'automotive', 'assembly', 'line', 'reduced', 'training', 'time', 'percentage', 'worker', 'using', 'glass', 'simultaneously']",telefonicas trial automotive assembly line reduced training time percentage worker using glass simultaneously,5G/6G Connectivity
Ericsson Reports,2024-03-25,"5G networks enable sub-20ms latency required for motion-sickness-free XR experiences, supporting 100+ concurrent AR users in industrial environments.",5G_6G_Connectivity,552,Education,200-500 users,https://www.ericsson.com/en/reports-and-papers/,g networks enable sublatency latency required for motionsicknessfree xr experiences supporting concurrent ar users in industrial environments,"['network', 'enable', 'sublatency', 'latency', 'required', 'motionsicknessfree', 'experience', 'supporting', 'concurrent', 'user', 'industrial', 'environment']",network enable sublatency latency required motionsicknessfree experience supporting concurrent user industrial environment,5G/6G Connectivity
Ericsson Reports,2024-03-26,"Private 5G deployments eliminate Wi-Fi interference in metal-heavy factories, guaranteeing consistent bandwidth for XR fleet operations.",5G_6G_Connectivity,787,Retail,50-200 users,https://www.ericsson.com/en/reports-and-papers/,private g deployments eliminate wifi interference in metalheavy factories guaranteeing consistent bandwidth for xr fleet operations,"['private', 'deployment', 'eliminate', 'wifi', 'interference', 'metalheavy', 'factory', 'guaranteeing', 'consistent', 'bandwidth', 'fleet', 'operation']",private deployment eliminate wifi interference metalheavy factory guaranteeing consistent bandwidth fleet operation,5G/6G Connectivity
Ericsson Reports,2024-03-27,"Network slicing in 5G Edge allocates dedicated bandwidth for XR workloads, preventing video streaming from degrading AR performance.",5G_6G_Connectivity,279,Entertainment,500+ users,https://www.ericsson.com/en/reports-and-papers/,network slicing in g edge allocates dedicated bandwidth for xr workloads preventing video streaming from degrading ar performance,"['network', 'slicing', 'edge', 'allocates', 'dedicated', 'bandwidth', 'workload', 'preventing', 'video', 'streaming', 'degrading', 'performance']",network slicing edge allocates dedicated bandwidth workload preventing video streaming degrading performance,5G/6G Connectivity
Ericsson Reports,2024-03-28,"6G research promises 1Gbps sustained bandwidth per XR device, enabling real-time photorealistic hologram transmission.",5G_6G_Connectivity,202,Manufacturing,50-200 users,https://www.ericsson.com/en/reports-and-papers/,g research promises gbps sustained bandwidth per xr device enabling realtime photorealistic hologram transmission,"['research', 'promise', 'gbps', 'sustained', 'bandwidth', 'per', 'device', 'enabling', 'realtime', 'photorealistic', 'hologram', 'transmission']",research promise gbps sustained bandwidth per device enabling realtime photorealistic hologram transmission,5G/6G Connectivity
IEEE Xplore,2024-03-29,"Multi-access Edge Computing (MEC) with 5G reduces latency from 100ms (cloud) to 5ms (edge), critical for surgical training XR.",5G_6G_Connectivity,833,Entertainment,50-200 users,https://ieeexplore.ieee.org/document/10634054/,multiaccess edge computing mec with g reduces latency from latency cloud to latency edge critical for surgical training xr,"['multiaccess', 'edge', 'computing', 'mec', 'reduces', 'latency', 'latency', 'cloud', 'latency', 'edge', 'critical', 'surgical', 'training']",multiaccess edge computing mec reduces latency latency cloud latency edge critical surgical training,5G/6G Connectivity
Verizon 5G Labs,2024-03-30,"Ericsson's 5G standalone architecture supports 10,000+ XR devices per cell site through dynamic spectrum sharing.",5G_6G_Connectivity,879,Education,500+ users,https://www.verizon.com/business/products/5g/,ericssons g standalone architecture supports xr devices per cell site through dynamic spectrum sharing,"['ericssons', 'standalone', 'architecture', 'support', 'device', 'per', 'cell', 'site', 'dynamic', 'spectrum', 'sharing']",ericssons standalone architecture support device per cell site dynamic spectrum sharing,5G/6G Connectivity
Verizon 5G Labs,2024-03-31,"Qualcomm Snapdragon XR2+ chips optimize 5G modem integration, reducing battery drain by 40% during cloud rendering.",5G_6G_Connectivity,821,Education,10-50 users,https://www.verizon.com/business/products/5g/,qualcomm snapdragon xr chips optimize g modem integration reducing battery drain by percentage during cloud rendering,"['qualcomm', 'snapdragon', 'chip', 'optimize', 'modem', 'integration', 'reducing', 'battery', 'drain', 'percentage', 'cloud', 'rendering']",qualcomm snapdragon chip optimize modem integration reducing battery drain percentage cloud rendering,5G/6G Connectivity
Ericsson Reports,2024-04-01,Verizon 5G Ultra Wideband tested 500 concurrent VR users at NFL stadium with zero frame drops during live events.,5G_6G_Connectivity,859,Manufacturing,500+ users,https://www.ericsson.com/en/reports-and-papers/,verizon g ultra wideband tested concurrent vr users at nfl stadium with zero frame drops during live events,"['verizon', 'ultra', 'wideband', 'tested', 'concurrent', 'user', 'nfl', 'stadium', 'zero', 'frame', 'drop', 'live', 'event']",verizon ultra wideband tested concurrent user nfl stadium zero frame drop live event,5G/6G Connectivity
Verizon 5G Labs,2024-04-02,"O-RAN architecture enables vendor-agnostic 5G deployments, reducing infrastructure costs for enterprise XR rollouts.",5G_6G_Connectivity,565,Retail,10-50 users,https://www.verizon.com/business/products/5g/,oran architecture enables vendoragnostic g deployments reducing infrastructure costs for enterprise xr rollouts,"['oran', 'architecture', 'enables', 'vendoragnostic', 'deployment', 'reducing', 'infrastructure', 'cost', 'enterprise', 'rollouts']",oran architecture enables vendoragnostic deployment reducing infrastructure cost enterprise rollouts,5G/6G Connectivity
Verizon 5G Labs,2024-04-03,Wi-Fi 6E struggles with 50+ simultaneous XR users due to shared spectrum; private 5G scales to 500+ users linearly.,5G_6G_Connectivity,396,Healthcare,10-50 users,https://www.verizon.com/business/products/5g/,wifi e struggles with simultaneous xr users due to shared spectrum private g scales to users linearly,"['wifi', 'struggle', 'simultaneous', 'user', 'due', 'shared', 'spectrum', 'private', 'scale', 'user', 'linearly']",wifi struggle simultaneous user due shared spectrum private scale user linearly,5G/6G Connectivity
Ericsson Reports,2024-04-04,Latency jitter under 5ms is non-negotiable for XR; 5G mmWave achieves 2-3ms consistency vs 15-30ms for Wi-Fi 6.,5G_6G_Connectivity,588,Manufacturing,10-50 users,https://www.ericsson.com/en/reports-and-papers/,latency jitter under latency is nonnegotiable for xr g mmwave achieves latency consistency vs latency for wifi,"['latency', 'jitter', 'latency', 'nonnegotiable', 'mmwave', 'achieves', 'latency', 'consistency', 'latency', 'wifi']",latency jitter latency nonnegotiable mmwave achieves latency consistency latency wifi,5G/6G Connectivity
Verizon 5G Labs,2024-04-05,Telefonica's 5G XR trials in automotive assembly lines reduced training time 60% with 200+ workers using AR glasses simultaneously.,5G_6G_Connectivity,352,Healthcare,500+ users,https://www.verizon.com/business/products/5g/,telefonicas g xr trials in automotive assembly lines reduced training time percentage with workers using ar glasses simultaneously,"['telefonicas', 'trial', 'automotive', 'assembly', 'line', 'reduced', 'training', 'time', 'percentage', 'worker', 'using', 'glass', 'simultaneously']",telefonicas trial automotive assembly line reduced training time percentage worker using glass simultaneously,5G/6G Connectivity
Nokia Bell Labs,2024-04-06,"5G networks enable sub-20ms latency required for motion-sickness-free XR experiences, supporting 100+ concurrent AR users in industrial environments.",5G_6G_Connectivity,333,Healthcare,10-50 users,https://www.nokia.com/bell-labs/,g networks enable sublatency latency required for motionsicknessfree xr experiences supporting concurrent ar users in industrial environments,"['network', 'enable', 'sublatency', 'latency', 'required', 'motionsicknessfree', 'experience', 'supporting', 'concurrent', 'user', 'industrial', 'environment']",network enable sublatency latency required motionsicknessfree experience supporting concurrent user industrial environment,5G/6G Connectivity
Qualcomm Blog,2024-04-07,"Private 5G deployments eliminate Wi-Fi interference in metal-heavy factories, guaranteeing consistent bandwidth for XR fleet operations.",5G_6G_Connectivity,272,Retail,200-500 users,https://www.qualcomm.com/products/mobile/snapdragon/xr-vr-ar,private g deployments eliminate wifi interference in metalheavy factories guaranteeing consistent bandwidth for xr fleet operations,"['private', 'deployment', 'eliminate', 'wifi', 'interference', 'metalheavy', 'factory', 'guaranteeing', 'consistent', 'bandwidth', 'fleet', 'operation']",private deployment eliminate wifi interference metalheavy factory guaranteeing consistent bandwidth fleet operation,5G/6G Connectivity
Qualcomm Blog,2024-04-08,"Network slicing in 5G Edge allocates dedicated bandwidth for XR workloads, preventing video streaming from degrading AR performance.",5G_6G_Connectivity,550,Healthcare,500+ users,https://www.qualcomm.com/products/mobile/snapdragon/xr-vr-ar,network slicing in g edge allocates dedicated bandwidth for xr workloads preventing video streaming from degrading ar performance,"['network', 'slicing', 'edge', 'allocates', 'dedicated', 'bandwidth', 'workload', 'preventing', 'video', 'streaming', 'degrading', 'performance']",network slicing edge allocates dedicated bandwidth workload preventing video streaming degrading performance,5G/6G Connectivity
Ericsson Reports,2024-04-09,"6G research promises 1Gbps sustained bandwidth per XR device, enabling real-time photorealistic hologram transmission.",5G_6G_Connectivity,443,Healthcare,200-500 users,https://www.ericsson.com/en/reports-and-papers/,g research promises gbps sustained bandwidth per xr device enabling realtime photorealistic hologram transmission,"['research', 'promise', 'gbps', 'sustained', 'bandwidth', 'per', 'device', 'enabling', 'realtime', 'photorealistic', 'hologram', 'transmission']",research promise gbps sustained bandwidth per device enabling realtime photorealistic hologram transmission,5G/6G Connectivity
IEEE Xplore,2024-04-10,"Multi-access Edge Computing (MEC) with 5G reduces latency from 100ms (cloud) to 5ms (edge), critical for surgical training XR.",5G_6G_Connectivity,429,Retail,10-50 users,https://ieeexplore.ieee.org/document/10634054/,multiaccess edge computing mec with g reduces latency from latency cloud to latency edge critical for surgical training xr,"['multiaccess', 'edge', 'computing', 'mec', 'reduces', 'latency', 'latency', 'cloud', 'latency', 'edge', 'critical', 'surgical', 'training']",multiaccess edge computing mec reduces latency latency cloud latency edge critical surgical training,5G/6G Connectivity
Ericsson Reports,2024-04-11,"Ericsson's 5G standalone architecture supports 10,000+ XR devices per cell site through dynamic spectrum sharing.",5G_6G_Connectivity,759,Healthcare,50-200 users,https://www.ericsson.com/en/reports-and-papers/,ericssons g standalone architecture supports xr devices per cell site through dynamic spectrum sharing,"['ericssons', 'standalone', 'architecture', 'support', 'device', 'per', 'cell', 'site', 'dynamic', 'spectrum', 'sharing']",ericssons standalone architecture support device per cell site dynamic spectrum sharing,5G/6G Connectivity
IEEE Xplore,2024-04-12,"Qualcomm Snapdragon XR2+ chips optimize 5G modem integration, reducing battery drain by 40% during cloud rendering.",5G_6G_Connectivity,347,Healthcare,10-50 users,https://ieeexplore.ieee.org/document/10634054/,qualcomm snapdragon xr chips optimize g modem integration reducing battery drain by percentage during cloud rendering,"['qualcomm', 'snapdragon', 'chip', 'optimize', 'modem', 'integration', 'reducing', 'battery', 'drain', 'percentage', 'cloud', 'rendering']",qualcomm snapdragon chip optimize modem integration reducing battery drain percentage cloud rendering,5G/6G Connectivity
Qualcomm Blog,2024-04-13,Verizon 5G Ultra Wideband tested 500 concurrent VR users at NFL stadium with zero frame drops during live events.,5G_6G_Connectivity,660,Healthcare,200-500 users,https://www.qualcomm.com/products/mobile/snapdragon/xr-vr-ar,verizon g ultra wideband tested concurrent vr users at nfl stadium with zero frame drops during live events,"['verizon', 'ultra', 'wideband', 'tested', 'concurrent', 'user', 'nfl', 'stadium', 'zero', 'frame', 'drop', 'live', 'event']",verizon ultra wideband tested concurrent user nfl stadium zero frame drop live event,5G/6G Connectivity
Ericsson Reports,2024-04-14,"O-RAN architecture enables vendor-agnostic 5G deployments, reducing infrastructure costs for enterprise XR rollouts.",5G_6G_Connectivity,293,Manufacturing,200-500 users,https://www.ericsson.com/en/reports-and-papers/,oran architecture enables vendoragnostic g deployments reducing infrastructure costs for enterprise xr rollouts,"['oran', 'architecture', 'enables', 'vendoragnostic', 'deployment', 'reducing', 'infrastructure', 'cost', 'enterprise', 'rollouts']",oran architecture enables vendoragnostic deployment reducing infrastructure cost enterprise rollouts,5G/6G Connectivity
Nokia Bell Labs,2024-04-15,Wi-Fi 6E struggles with 50+ simultaneous XR users due to shared spectrum; private 5G scales to 500+ users linearly.,5G_6G_Connectivity,758,Manufacturing,500+ users,https://www.nokia.com/bell-labs/,wifi e struggles with simultaneous xr users due to shared spectrum private g scales to users linearly,"['wifi', 'struggle', 'simultaneous', 'user', 'due', 'shared', 'spectrum', 'private', 'scale', 'user', 'linearly']",wifi struggle simultaneous user due shared spectrum private scale user linearly,5G/6G Connectivity
Verizon 5G Labs,2024-04-16,Latency jitter under 5ms is non-negotiable for XR; 5G mmWave achieves 2-3ms consistency vs 15-30ms for Wi-Fi 6.,5G_6G_Connectivity,350,Manufacturing,50-200 users,https://www.verizon.com/business/products/5g/,latency jitter under latency is nonnegotiable for xr g mmwave achieves latency consistency vs latency for wifi,"['latency', 'jitter', 'latency', 'nonnegotiable', 'mmwave', 'achieves', 'latency', 'consistency', 'latency', 'wifi']",latency jitter latency nonnegotiable mmwave achieves latency consistency latency wifi,5G/6G Connectivity
IEEE Xplore,2024-04-17,Telefonica's 5G XR trials in automotive assembly lines reduced training time 60% with 200+ workers using AR glasses simultaneously.,5G_6G_Connectivity,273,Retail,500+ users,https://ieeexplore.ieee.org/document/10634054/,telefonicas g xr trials in automotive assembly lines reduced training time percentage with workers using ar glasses simultaneously,"['telefonicas', 'trial', 'automotive', 'assembly', 'line', 'reduced', 'training', 'time', 'percentage', 'worker', 'using', 'glass', 'simultaneously']",telefonicas trial automotive assembly line reduced training time percentage worker using glass simultaneously,5G/6G Connectivity
Verizon 5G Labs,2024-04-18,"5G networks enable sub-20ms latency required for motion-sickness-free XR experiences, supporting 100+ concurrent AR users in industrial environments.",5G_6G_Connectivity,336,Education,200-500 users,https://www.verizon.com/business/products/5g/,g networks enable sublatency latency required for motionsicknessfree xr experiences supporting concurrent ar users in industrial environments,"['network', 'enable', 'sublatency', 'latency', 'required', 'motionsicknessfree', 'experience', 'supporting', 'concurrent', 'user', 'industrial', 'environment']",network enable sublatency latency required motionsicknessfree experience supporting concurrent user industrial environment,5G/6G Connectivity
Verizon 5G Labs,2024-04-19,"Private 5G deployments eliminate Wi-Fi interference in metal-heavy factories, guaranteeing consistent bandwidth for XR fleet operations.",5G_6G_Connectivity,475,Healthcare,10-50 users,https://www.verizon.com/business/products/5g/,private g deployments eliminate wifi interference in metalheavy factories guaranteeing consistent bandwidth for xr fleet operations,"['private', 'deployment', 'eliminate', 'wifi', 'interference', 'metalheavy', 'factory', 'guaranteeing', 'consistent', 'bandwidth', 'fleet', 'operation']",private deployment eliminate wifi interference metalheavy factory guaranteeing consistent bandwidth fleet operation,5G/6G Connectivity
Ericsson Reports,2024-04-20,"Network slicing in 5G Edge allocates dedicated bandwidth for XR workloads, preventing video streaming from degrading AR performance.",5G_6G_Connectivity,613,Healthcare,50-200 users,https://www.ericsson.com/en/reports-and-papers/,network slicing in g edge allocates dedicated bandwidth for xr workloads preventing video streaming from degrading ar performance,"['network', 'slicing', 'edge', 'allocates', 'dedicated', 'bandwidth', 'workload', 'preventing', 'video', 'streaming', 'degrading', 'performance']",network slicing edge allocates dedicated bandwidth workload preventing video streaming degrading performance,5G/6G Connectivity
Verizon 5G Labs,2024-04-21,"6G research promises 1Gbps sustained bandwidth per XR device, enabling real-time photorealistic hologram transmission.",5G_6G_Connectivity,498,Retail,10-50 users,https://www.verizon.com/business/products/5g/,g research promises gbps sustained bandwidth per xr device enabling realtime photorealistic hologram transmission,"['research', 'promise', 'gbps', 'sustained', 'bandwidth', 'per', 'device', 'enabling', 'realtime', 'photorealistic', 'hologram', 'transmission']",research promise gbps sustained bandwidth per device enabling realtime photorealistic hologram transmission,5G/6G Connectivity
Nokia Bell Labs,2024-04-22,"Multi-access Edge Computing (MEC) with 5G reduces latency from 100ms (cloud) to 5ms (edge), critical for surgical training XR.",5G_6G_Connectivity,809,Healthcare,10-50 users,https://www.nokia.com/bell-labs/,multiaccess edge computing mec with g reduces latency from latency cloud to latency edge critical for surgical training xr,"['multiaccess', 'edge', 'computing', 'mec', 'reduces', 'latency', 'latency', 'cloud', 'latency', 'edge', 'critical', 'surgical', 'training']",multiaccess edge computing mec reduces latency latency cloud latency edge critical surgical training,5G/6G Connectivity
Verizon 5G Labs,2024-04-23,"Ericsson's 5G standalone architecture supports 10,000+ XR devices per cell site through dynamic spectrum sharing.",5G_6G_Connectivity,552,Manufacturing,50-200 users,https://www.verizon.com/business/products/5g/,ericssons g standalone architecture supports xr devices per cell site through dynamic spectrum sharing,"['ericssons', 'standalone', 'architecture', 'support', 'device', 'per', 'cell', 'site', 'dynamic', 'spectrum', 'sharing']",ericssons standalone architecture support device per cell site dynamic spectrum sharing,5G/6G Connectivity
Ericsson Reports,2024-04-24,"Qualcomm Snapdragon XR2+ chips optimize 5G modem integration, reducing battery drain by 40% during cloud rendering.",5G_6G_Connectivity,495,Education,500+ users,https://www.ericsson.com/en/reports-and-papers/,qualcomm snapdragon xr chips optimize g modem integration reducing battery drain by percentage during cloud rendering,"['qualcomm', 'snapdragon', 'chip', 'optimize', 'modem', 'integration', 'reducing', 'battery', 'drain', 'percentage', 'cloud', 'rendering']",qualcomm snapdragon chip optimize modem integration reducing battery drain percentage cloud rendering,5G/6G Connectivity
Nokia Bell Labs,2024-04-25,Verizon 5G Ultra Wideband tested 500 concurrent VR users at NFL stadium with zero frame drops during live events.,5G_6G_Connectivity,660,Entertainment,10-50 users,https://www.nokia.com/bell-labs/,verizon g ultra wideband tested concurrent vr users at nfl stadium with zero frame drops during live events,"['verizon', 'ultra', 'wideband', 'tested', 'concurrent', 'user', 'nfl', 'stadium', 'zero', 'frame', 'drop', 'live', 'event']",verizon ultra wideband tested concurrent user nfl stadium zero frame drop live event,5G/6G Connectivity
Qualcomm Blog,2024-04-26,"O-RAN architecture enables vendor-agnostic 5G deployments, reducing infrastructure costs for enterprise XR rollouts.",5G_6G_Connectivity,296,Healthcare,200-500 users,https://www.qualcomm.com/products/mobile/snapdragon/xr-vr-ar,oran architecture enables vendoragnostic g deployments reducing infrastructure costs for enterprise xr rollouts,"['oran', 'architecture', 'enables', 'vendoragnostic', 'deployment', 'reducing', 'infrastructure', 'cost', 'enterprise', 'rollouts']",oran architecture enables vendoragnostic deployment reducing infrastructure cost enterprise rollouts,5G/6G Connectivity
Verizon 5G Labs,2024-04-27,Wi-Fi 6E struggles with 50+ simultaneous XR users due to shared spectrum; private 5G scales to 500+ users linearly.,5G_6G_Connectivity,297,Manufacturing,10-50 users,https://www.verizon.com/business/products/5g/,wifi e struggles with simultaneous xr users due to shared spectrum private g scales to users linearly,"['wifi', 'struggle', 'simultaneous', 'user', 'due', 'shared', 'spectrum', 'private', 'scale', 'user', 'linearly']",wifi struggle simultaneous user due shared spectrum private scale user linearly,5G/6G Connectivity
Ericsson Reports,2024-04-28,Latency jitter under 5ms is non-negotiable for XR; 5G mmWave achieves 2-3ms consistency vs 15-30ms for Wi-Fi 6.,5G_6G_Connectivity,860,Entertainment,50-200 users,https://www.ericsson.com/en/reports-and-papers/,latency jitter under latency is nonnegotiable for xr g mmwave achieves latency consistency vs latency for wifi,"['latency', 'jitter', 'latency', 'nonnegotiable', 'mmwave', 'achieves', 'latency', 'consistency', 'latency', 'wifi']",latency jitter latency nonnegotiable mmwave achieves latency consistency latency wifi,5G/6G Connectivity
Qualcomm Blog,2024-04-29,Telefonica's 5G XR trials in automotive assembly lines reduced training time 60% with 200+ workers using AR glasses simultaneously.,5G_6G_Connectivity,638,Education,50-200 users,https://www.qualcomm.com/products/mobile/snapdragon/xr-vr-ar,telefonicas g xr trials in automotive assembly lines reduced training time percentage with workers using ar glasses simultaneously,"['telefonicas', 'trial', 'automotive', 'assembly', 'line', 'reduced', 'training', 'time', 'percentage', 'worker', 'using', 'glass', 'simultaneously']",telefonicas trial automotive assembly line reduced training time percentage worker using glass simultaneously,5G/6G Connectivity
