source,date,content,category,engagement_score,industry,latency_reduction_ms
Akamai Research,2024-01-01,"AWS Wavelength deploys compute at telecom edge, reducing XR rendering latency from 80ms (regional cloud) to 15ms (edge zone).",Edge_Computing,270,Retail,41
Cloudflare Blog,2024-01-02,"Azure Stack Edge processes 4K spatial mapping locally, transmitting only 10% of data to cloud vs 100% in centralized architectures.",Edge_Computing,263,Retail,12
Akamai Research,2024-01-03,"NVIDIA CloudXR Edge nodes render photorealistic digital twins at 90fps, streaming to lightweight XR glasses over 5G.",Edge_Computing,688,Retail,36
Azure Edge,2024-01-04,"Edge CDN with Fastly caches 3D assets geographically, reducing initial XR app load time from 45 seconds to 3 seconds.",Edge_Computing,158,Smart Cities,38
Azure Edge,2024-01-05,Kubernetes at the edge orchestrates containerized XR services across 500+ distributed nodes in retail store deployments.,Edge_Computing,228,Logistics,41
Cloudflare Blog,2024-01-06,Edge inference with TensorFlow Lite enables real-time object recognition on AR glasses without cloud roundtrip.,Edge_Computing,161,Smart Cities,59
Akamai Research,2024-01-07,"Multi-access Edge Computing (MEC) collocates XR rendering servers at cell towers, achieving 5-10ms glass-to-glass latency.",Edge_Computing,305,Logistics,67
AWS Blog,2024-01-08,"Akamai Edge platform tested 10,000 simultaneous XR streams with 99.95% uptime during Black Friday retail AR promotions.",Edge_Computing,517,Smart Cities,60
Cloudflare Blog,2024-01-09,Edge compute reduces egress costs by 70% for XR deployments; only metadata sent to cloud vs full frame buffers.,Edge_Computing,342,Smart Cities,28
Azure Edge,2024-01-10,OpenNebula edge orchestration manages XR workload distribution across 200 factory edge nodes based on user density.,Edge_Computing,753,Healthcare,30
Azure Edge,2024-01-11,Edge caching of USDZ/glTF 3D models enables instant AR product visualization; 95% cache hit rate in production.,Edge_Computing,252,Smart Cities,14
Cloudflare Blog,2024-01-12,"Cloudflare Workers at edge execute real-time XR collaboration logic, supporting 50-user shared workspaces with 8ms sync.",Edge_Computing,282,Manufacturing,27
Akamai Research,2024-01-13,"AWS Wavelength deploys compute at telecom edge, reducing XR rendering latency from 80ms (regional cloud) to 15ms (edge zone).",Edge_Computing,334,Healthcare,37
Azure Edge,2024-01-14,"Azure Stack Edge processes 4K spatial mapping locally, transmitting only 10% of data to cloud vs 100% in centralized architectures.",Edge_Computing,354,Smart Cities,51
Akamai Research,2024-01-15,"NVIDIA CloudXR Edge nodes render photorealistic digital twins at 90fps, streaming to lightweight XR glasses over 5G.",Edge_Computing,777,Retail,31
Azure Edge,2024-01-16,"Edge CDN with Fastly caches 3D assets geographically, reducing initial XR app load time from 45 seconds to 3 seconds.",Edge_Computing,707,Manufacturing,30
Azure Edge,2024-01-17,Kubernetes at the edge orchestrates containerized XR services across 500+ distributed nodes in retail store deployments.,Edge_Computing,128,Manufacturing,15
NVIDIA Developer,2024-01-18,Edge inference with TensorFlow Lite enables real-time object recognition on AR glasses without cloud roundtrip.,Edge_Computing,193,Manufacturing,10
Azure Edge,2024-01-19,"Multi-access Edge Computing (MEC) collocates XR rendering servers at cell towers, achieving 5-10ms glass-to-glass latency.",Edge_Computing,611,Healthcare,14
AWS Blog,2024-01-20,"Akamai Edge platform tested 10,000 simultaneous XR streams with 99.95% uptime during Black Friday retail AR promotions.",Edge_Computing,372,Smart Cities,50
Cloudflare Blog,2024-01-21,Edge compute reduces egress costs by 70% for XR deployments; only metadata sent to cloud vs full frame buffers.,Edge_Computing,349,Smart Cities,21
Cloudflare Blog,2024-01-22,OpenNebula edge orchestration manages XR workload distribution across 200 factory edge nodes based on user density.,Edge_Computing,638,Retail,35
Akamai Research,2024-01-23,Edge caching of USDZ/glTF 3D models enables instant AR product visualization; 95% cache hit rate in production.,Edge_Computing,293,Retail,55
Azure Edge,2024-01-24,"Cloudflare Workers at edge execute real-time XR collaboration logic, supporting 50-user shared workspaces with 8ms sync.",Edge_Computing,772,Manufacturing,43
AWS Blog,2024-01-25,"AWS Wavelength deploys compute at telecom edge, reducing XR rendering latency from 80ms (regional cloud) to 15ms (edge zone).",Edge_Computing,287,Retail,58
Akamai Research,2024-01-26,"Azure Stack Edge processes 4K spatial mapping locally, transmitting only 10% of data to cloud vs 100% in centralized architectures.",Edge_Computing,289,Healthcare,23
NVIDIA Developer,2024-01-27,"NVIDIA CloudXR Edge nodes render photorealistic digital twins at 90fps, streaming to lightweight XR glasses over 5G.",Edge_Computing,512,Smart Cities,35
Akamai Research,2024-01-28,"Edge CDN with Fastly caches 3D assets geographically, reducing initial XR app load time from 45 seconds to 3 seconds.",Edge_Computing,753,Manufacturing,54
Akamai Research,2024-01-29,Kubernetes at the edge orchestrates containerized XR services across 500+ distributed nodes in retail store deployments.,Edge_Computing,313,Retail,36
Azure Edge,2024-01-30,Edge inference with TensorFlow Lite enables real-time object recognition on AR glasses without cloud roundtrip.,Edge_Computing,636,Healthcare,18
NVIDIA Developer,2024-01-31,"Multi-access Edge Computing (MEC) collocates XR rendering servers at cell towers, achieving 5-10ms glass-to-glass latency.",Edge_Computing,148,Healthcare,35
Akamai Research,2024-02-01,"Akamai Edge platform tested 10,000 simultaneous XR streams with 99.95% uptime during Black Friday retail AR promotions.",Edge_Computing,284,Retail,66
AWS Blog,2024-02-02,Edge compute reduces egress costs by 70% for XR deployments; only metadata sent to cloud vs full frame buffers.,Edge_Computing,541,Smart Cities,56
AWS Blog,2024-02-03,OpenNebula edge orchestration manages XR workload distribution across 200 factory edge nodes based on user density.,Edge_Computing,458,Retail,66
Cloudflare Blog,2024-02-04,Edge caching of USDZ/glTF 3D models enables instant AR product visualization; 95% cache hit rate in production.,Edge_Computing,767,Manufacturing,31
NVIDIA Developer,2024-02-05,"Cloudflare Workers at edge execute real-time XR collaboration logic, supporting 50-user shared workspaces with 8ms sync.",Edge_Computing,615,Retail,56
NVIDIA Developer,2024-02-06,"AWS Wavelength deploys compute at telecom edge, reducing XR rendering latency from 80ms (regional cloud) to 15ms (edge zone).",Edge_Computing,484,Healthcare,65
Cloudflare Blog,2024-02-07,"Azure Stack Edge processes 4K spatial mapping locally, transmitting only 10% of data to cloud vs 100% in centralized architectures.",Edge_Computing,461,Retail,39
Akamai Research,2024-02-08,"NVIDIA CloudXR Edge nodes render photorealistic digital twins at 90fps, streaming to lightweight XR glasses over 5G.",Edge_Computing,619,Smart Cities,52
NVIDIA Developer,2024-02-09,"Edge CDN with Fastly caches 3D assets geographically, reducing initial XR app load time from 45 seconds to 3 seconds.",Edge_Computing,776,Logistics,57
AWS Blog,2024-02-10,Kubernetes at the edge orchestrates containerized XR services across 500+ distributed nodes in retail store deployments.,Edge_Computing,630,Retail,26
AWS Blog,2024-02-11,Edge inference with TensorFlow Lite enables real-time object recognition on AR glasses without cloud roundtrip.,Edge_Computing,446,Smart Cities,35
Azure Edge,2024-02-12,"Multi-access Edge Computing (MEC) collocates XR rendering servers at cell towers, achieving 5-10ms glass-to-glass latency.",Edge_Computing,336,Smart Cities,45
NVIDIA Developer,2024-02-13,"Akamai Edge platform tested 10,000 simultaneous XR streams with 99.95% uptime during Black Friday retail AR promotions.",Edge_Computing,420,Healthcare,10
Akamai Research,2024-02-14,Edge compute reduces egress costs by 70% for XR deployments; only metadata sent to cloud vs full frame buffers.,Edge_Computing,251,Smart Cities,17
Cloudflare Blog,2024-02-15,OpenNebula edge orchestration manages XR workload distribution across 200 factory edge nodes based on user density.,Edge_Computing,189,Smart Cities,58
Cloudflare Blog,2024-02-16,Edge caching of USDZ/glTF 3D models enables instant AR product visualization; 95% cache hit rate in production.,Edge_Computing,371,Smart Cities,44
Akamai Research,2024-02-17,"Cloudflare Workers at edge execute real-time XR collaboration logic, supporting 50-user shared workspaces with 8ms sync.",Edge_Computing,534,Smart Cities,61
Azure Edge,2024-02-18,"AWS Wavelength deploys compute at telecom edge, reducing XR rendering latency from 80ms (regional cloud) to 15ms (edge zone).",Edge_Computing,564,Manufacturing,24
Cloudflare Blog,2024-02-19,"Azure Stack Edge processes 4K spatial mapping locally, transmitting only 10% of data to cloud vs 100% in centralized architectures.",Edge_Computing,301,Manufacturing,56
NVIDIA Developer,2024-02-20,"NVIDIA CloudXR Edge nodes render photorealistic digital twins at 90fps, streaming to lightweight XR glasses over 5G.",Edge_Computing,286,Healthcare,65
Azure Edge,2024-02-21,"Edge CDN with Fastly caches 3D assets geographically, reducing initial XR app load time from 45 seconds to 3 seconds.",Edge_Computing,210,Retail,31
NVIDIA Developer,2024-02-22,Kubernetes at the edge orchestrates containerized XR services across 500+ distributed nodes in retail store deployments.,Edge_Computing,650,Smart Cities,23
AWS Blog,2024-02-23,Edge inference with TensorFlow Lite enables real-time object recognition on AR glasses without cloud roundtrip.,Edge_Computing,158,Retail,35
Azure Edge,2024-02-24,"Multi-access Edge Computing (MEC) collocates XR rendering servers at cell towers, achieving 5-10ms glass-to-glass latency.",Edge_Computing,245,Retail,37
Cloudflare Blog,2024-02-25,"Akamai Edge platform tested 10,000 simultaneous XR streams with 99.95% uptime during Black Friday retail AR promotions.",Edge_Computing,570,Healthcare,32
Azure Edge,2024-02-26,Edge compute reduces egress costs by 70% for XR deployments; only metadata sent to cloud vs full frame buffers.,Edge_Computing,292,Smart Cities,23
Azure Edge,2024-02-27,OpenNebula edge orchestration manages XR workload distribution across 200 factory edge nodes based on user density.,Edge_Computing,772,Smart Cities,33
Azure Edge,2024-02-28,Edge caching of USDZ/glTF 3D models enables instant AR product visualization; 95% cache hit rate in production.,Edge_Computing,339,Logistics,11
Azure Edge,2024-02-29,"Cloudflare Workers at edge execute real-time XR collaboration logic, supporting 50-user shared workspaces with 8ms sync.",Edge_Computing,757,Retail,54
NVIDIA Developer,2024-03-01,"AWS Wavelength deploys compute at telecom edge, reducing XR rendering latency from 80ms (regional cloud) to 15ms (edge zone).",Edge_Computing,177,Retail,35
AWS Blog,2024-03-02,"Azure Stack Edge processes 4K spatial mapping locally, transmitting only 10% of data to cloud vs 100% in centralized architectures.",Edge_Computing,779,Manufacturing,23
Akamai Research,2024-03-03,"NVIDIA CloudXR Edge nodes render photorealistic digital twins at 90fps, streaming to lightweight XR glasses over 5G.",Edge_Computing,595,Logistics,68
Azure Edge,2024-03-04,"Edge CDN with Fastly caches 3D assets geographically, reducing initial XR app load time from 45 seconds to 3 seconds.",Edge_Computing,575,Manufacturing,65
Cloudflare Blog,2024-03-05,Kubernetes at the edge orchestrates containerized XR services across 500+ distributed nodes in retail store deployments.,Edge_Computing,480,Manufacturing,60
Azure Edge,2024-03-06,Edge inference with TensorFlow Lite enables real-time object recognition on AR glasses without cloud roundtrip.,Edge_Computing,120,Manufacturing,16
Cloudflare Blog,2024-03-07,"Multi-access Edge Computing (MEC) collocates XR rendering servers at cell towers, achieving 5-10ms glass-to-glass latency.",Edge_Computing,506,Healthcare,12
NVIDIA Developer,2024-03-08,"Akamai Edge platform tested 10,000 simultaneous XR streams with 99.95% uptime during Black Friday retail AR promotions.",Edge_Computing,467,Healthcare,56
Cloudflare Blog,2024-03-09,Edge compute reduces egress costs by 70% for XR deployments; only metadata sent to cloud vs full frame buffers.,Edge_Computing,309,Manufacturing,32
Akamai Research,2024-03-10,OpenNebula edge orchestration manages XR workload distribution across 200 factory edge nodes based on user density.,Edge_Computing,624,Logistics,55
AWS Blog,2024-03-11,Edge caching of USDZ/glTF 3D models enables instant AR product visualization; 95% cache hit rate in production.,Edge_Computing,310,Retail,52
Cloudflare Blog,2024-03-12,"Cloudflare Workers at edge execute real-time XR collaboration logic, supporting 50-user shared workspaces with 8ms sync.",Edge_Computing,627,Logistics,56
Cloudflare Blog,2024-03-13,"AWS Wavelength deploys compute at telecom edge, reducing XR rendering latency from 80ms (regional cloud) to 15ms (edge zone).",Edge_Computing,488,Smart Cities,69
AWS Blog,2024-03-14,"Azure Stack Edge processes 4K spatial mapping locally, transmitting only 10% of data to cloud vs 100% in centralized architectures.",Edge_Computing,528,Healthcare,54
Akamai Research,2024-03-15,"NVIDIA CloudXR Edge nodes render photorealistic digital twins at 90fps, streaming to lightweight XR glasses over 5G.",Edge_Computing,236,Retail,27
Azure Edge,2024-03-16,"Edge CDN with Fastly caches 3D assets geographically, reducing initial XR app load time from 45 seconds to 3 seconds.",Edge_Computing,253,Retail,67
Cloudflare Blog,2024-03-17,Kubernetes at the edge orchestrates containerized XR services across 500+ distributed nodes in retail store deployments.,Edge_Computing,177,Smart Cities,47
AWS Blog,2024-03-18,Edge inference with TensorFlow Lite enables real-time object recognition on AR glasses without cloud roundtrip.,Edge_Computing,675,Smart Cities,44
NVIDIA Developer,2024-03-19,"Multi-access Edge Computing (MEC) collocates XR rendering servers at cell towers, achieving 5-10ms glass-to-glass latency.",Edge_Computing,791,Manufacturing,60
AWS Blog,2024-03-20,"Akamai Edge platform tested 10,000 simultaneous XR streams with 99.95% uptime during Black Friday retail AR promotions.",Edge_Computing,292,Healthcare,24
NVIDIA Developer,2024-03-21,Edge compute reduces egress costs by 70% for XR deployments; only metadata sent to cloud vs full frame buffers.,Edge_Computing,268,Healthcare,34
Akamai Research,2024-03-22,OpenNebula edge orchestration manages XR workload distribution across 200 factory edge nodes based on user density.,Edge_Computing,199,Logistics,64
Azure Edge,2024-03-23,Edge caching of USDZ/glTF 3D models enables instant AR product visualization; 95% cache hit rate in production.,Edge_Computing,332,Manufacturing,46
AWS Blog,2024-03-24,"Cloudflare Workers at edge execute real-time XR collaboration logic, supporting 50-user shared workspaces with 8ms sync.",Edge_Computing,322,Manufacturing,37
Cloudflare Blog,2024-03-25,"AWS Wavelength deploys compute at telecom edge, reducing XR rendering latency from 80ms (regional cloud) to 15ms (edge zone).",Edge_Computing,348,Manufacturing,19
Akamai Research,2024-03-26,"Azure Stack Edge processes 4K spatial mapping locally, transmitting only 10% of data to cloud vs 100% in centralized architectures.",Edge_Computing,795,Manufacturing,48
AWS Blog,2024-03-27,"NVIDIA CloudXR Edge nodes render photorealistic digital twins at 90fps, streaming to lightweight XR glasses over 5G.",Edge_Computing,346,Healthcare,66
Cloudflare Blog,2024-03-28,"Edge CDN with Fastly caches 3D assets geographically, reducing initial XR app load time from 45 seconds to 3 seconds.",Edge_Computing,778,Healthcare,26
AWS Blog,2024-03-29,Kubernetes at the edge orchestrates containerized XR services across 500+ distributed nodes in retail store deployments.,Edge_Computing,651,Manufacturing,48
NVIDIA Developer,2024-03-30,Edge inference with TensorFlow Lite enables real-time object recognition on AR glasses without cloud roundtrip.,Edge_Computing,560,Logistics,31
AWS Blog,2024-03-31,"Multi-access Edge Computing (MEC) collocates XR rendering servers at cell towers, achieving 5-10ms glass-to-glass latency.",Edge_Computing,521,Retail,35
AWS Blog,2024-04-01,"Akamai Edge platform tested 10,000 simultaneous XR streams with 99.95% uptime during Black Friday retail AR promotions.",Edge_Computing,166,Retail,53
AWS Blog,2024-04-02,Edge compute reduces egress costs by 70% for XR deployments; only metadata sent to cloud vs full frame buffers.,Edge_Computing,352,Logistics,34
Akamai Research,2024-04-03,OpenNebula edge orchestration manages XR workload distribution across 200 factory edge nodes based on user density.,Edge_Computing,424,Manufacturing,26
AWS Blog,2024-04-04,Edge caching of USDZ/glTF 3D models enables instant AR product visualization; 95% cache hit rate in production.,Edge_Computing,645,Healthcare,22
Cloudflare Blog,2024-04-05,"Cloudflare Workers at edge execute real-time XR collaboration logic, supporting 50-user shared workspaces with 8ms sync.",Edge_Computing,262,Retail,29
NVIDIA Developer,2024-04-06,"AWS Wavelength deploys compute at telecom edge, reducing XR rendering latency from 80ms (regional cloud) to 15ms (edge zone).",Edge_Computing,534,Smart Cities,34
NVIDIA Developer,2024-04-07,"Azure Stack Edge processes 4K spatial mapping locally, transmitting only 10% of data to cloud vs 100% in centralized architectures.",Edge_Computing,632,Smart Cities,13
AWS Blog,2024-04-08,"NVIDIA CloudXR Edge nodes render photorealistic digital twins at 90fps, streaming to lightweight XR glasses over 5G.",Edge_Computing,492,Logistics,19
Akamai Research,2024-04-09,"Edge CDN with Fastly caches 3D assets geographically, reducing initial XR app load time from 45 seconds to 3 seconds.",Edge_Computing,685,Manufacturing,12
Akamai Research,2024-04-10,Kubernetes at the edge orchestrates containerized XR services across 500+ distributed nodes in retail store deployments.,Edge_Computing,378,Retail,50
Cloudflare Blog,2024-04-11,Edge inference with TensorFlow Lite enables real-time object recognition on AR glasses without cloud roundtrip.,Edge_Computing,775,Manufacturing,54
AWS Blog,2024-04-12,"Multi-access Edge Computing (MEC) collocates XR rendering servers at cell towers, achieving 5-10ms glass-to-glass latency.",Edge_Computing,590,Retail,27
NVIDIA Developer,2024-04-13,"Akamai Edge platform tested 10,000 simultaneous XR streams with 99.95% uptime during Black Friday retail AR promotions.",Edge_Computing,131,Logistics,56
Akamai Research,2024-04-14,Edge compute reduces egress costs by 70% for XR deployments; only metadata sent to cloud vs full frame buffers.,Edge_Computing,449,Logistics,45
AWS Blog,2024-04-15,OpenNebula edge orchestration manages XR workload distribution across 200 factory edge nodes based on user density.,Edge_Computing,477,Smart Cities,56
Akamai Research,2024-04-16,Edge caching of USDZ/glTF 3D models enables instant AR product visualization; 95% cache hit rate in production.,Edge_Computing,527,Manufacturing,31
Akamai Research,2024-04-17,"Cloudflare Workers at edge execute real-time XR collaboration logic, supporting 50-user shared workspaces with 8ms sync.",Edge_Computing,787,Smart Cities,43
NVIDIA Developer,2024-04-18,"AWS Wavelength deploys compute at telecom edge, reducing XR rendering latency from 80ms (regional cloud) to 15ms (edge zone).",Edge_Computing,492,Manufacturing,56
Azure Edge,2024-04-19,"Azure Stack Edge processes 4K spatial mapping locally, transmitting only 10% of data to cloud vs 100% in centralized architectures.",Edge_Computing,127,Smart Cities,17
Cloudflare Blog,2024-04-20,"NVIDIA CloudXR Edge nodes render photorealistic digital twins at 90fps, streaming to lightweight XR glasses over 5G.",Edge_Computing,241,Healthcare,49
Cloudflare Blog,2024-04-21,"Edge CDN with Fastly caches 3D assets geographically, reducing initial XR app load time from 45 seconds to 3 seconds.",Edge_Computing,467,Healthcare,58
NVIDIA Developer,2024-04-22,Kubernetes at the edge orchestrates containerized XR services across 500+ distributed nodes in retail store deployments.,Edge_Computing,795,Healthcare,53
Akamai Research,2024-04-23,Edge inference with TensorFlow Lite enables real-time object recognition on AR glasses without cloud roundtrip.,Edge_Computing,209,Healthcare,28
AWS Blog,2024-04-24,"Multi-access Edge Computing (MEC) collocates XR rendering servers at cell towers, achieving 5-10ms glass-to-glass latency.",Edge_Computing,767,Retail,51
Akamai Research,2024-04-25,"Akamai Edge platform tested 10,000 simultaneous XR streams with 99.95% uptime during Black Friday retail AR promotions.",Edge_Computing,435,Healthcare,50
NVIDIA Developer,2024-04-26,Edge compute reduces egress costs by 70% for XR deployments; only metadata sent to cloud vs full frame buffers.,Edge_Computing,297,Logistics,46
Cloudflare Blog,2024-04-27,OpenNebula edge orchestration manages XR workload distribution across 200 factory edge nodes based on user density.,Edge_Computing,659,Logistics,15
Akamai Research,2024-04-28,Edge caching of USDZ/glTF 3D models enables instant AR product visualization; 95% cache hit rate in production.,Edge_Computing,160,Retail,61
Cloudflare Blog,2024-04-29,"Cloudflare Workers at edge execute real-time XR collaboration logic, supporting 50-user shared workspaces with 8ms sync.",Edge_Computing,621,Healthcare,35
