source,date,content,category,engagement_score,industry,gpu_cost_reduction_pct,source_url
Unreal Engine,2024-01-01,"NVIDIA CloudXR streams ray-traced XR content from RTX A6000 GPUs, enabling $300 AR glasses to render $5000 workstation-quality visuals.",Cloud_Rendering,590,Architecture,79,https://www.unrealengine.com/en-US/xr
Microsoft Azure,2024-01-02,Remote rendering architectures scale GPU compute independently from headset count; 1 server supports 20 concurrent low-latency XR users.,Cloud_Rendering,468,Architecture,73,https://azure.microsoft.com/en-us/blog/intelligent-edge-innovation-across-data-iot-and-mixed-reality/
Microsoft Azure,2024-01-03,"Google Stadia technology adapted for XR reduces local device compute by 95%, extending battery life from 2 hours to 8 hours.",Cloud_Rendering,433,Automotive,51,https://azure.microsoft.com/en-us/blog/intelligent-edge-innovation-across-data-iot-and-mixed-reality/
Varjo Docs,2024-01-04,"Pixel streaming with Unreal Engine 5 delivers photorealistic architectural walkthroughs to mobile AR, consuming 50 Mbps bandwidth.",Cloud_Rendering,375,Manufacturing,46,https://varjo.com/blog/get-to-know-the-varjo-xr-4-series-transforming-professional-workflows-with-highest-immersion-virtual-and-mixed-reality
Varjo Docs,2024-01-05,"CloudXR SDK supports H.264/H.265 adaptive streaming, degrading resolution gracefully when bandwidth drops below 30 Mbps.",Cloud_Rendering,777,Manufacturing,49,https://varjo.com/blog/get-to-know-the-varjo-xr-4-series-transforming-professional-workflows-with-highest-immersion-virtual-and-mixed-reality
NVIDIA Blog,2024-01-06,"Microsoft Remote Rendering service processed 1M XR rendering hours in Azure, supporting global AEC industry CAD visualization.",Cloud_Rendering,701,Manufacturing,56,https://blogs.nvidia.com/blog/cloudxr-sdk/
NVIDIA Blog,2024-01-07,Frame reprojection at 120Hz on device masks network jitter; perceived latency remains <20ms even with 40ms server roundtrip.,Cloud_Rendering,696,Automotive,65,https://blogs.nvidia.com/blog/cloudxr-sdk/
Varjo Docs,2024-01-08,NVIDIA Omniverse Cloud renders collaborative XR design reviews with 100+ participants viewing shared 100GB USD scenes.,Cloud_Rendering,814,Architecture,60,https://varjo.com/blog/get-to-know-the-varjo-xr-4-series-transforming-professional-workflows-with-highest-immersion-virtual-and-mixed-reality
Varjo Docs,2024-01-09,"Varjo VR-3 with CloudXR achieves 28 pixels-per-degree fidelity impossible with mobile SoCs, enabling surgical simulation training.",Cloud_Rendering,297,Automotive,67,https://varjo.com/blog/get-to-know-the-varjo-xr-4-series-transforming-professional-workflows-with-highest-immersion-virtual-and-mixed-reality
Google Cloud,2024-01-10,"Cloud-rendered XR eliminates 'pilot purgatory'; IT deploys server-side updates instantly to 10,000 headsets without firmware flashing.",Cloud_Rendering,338,Automotive,41,https://cloud.google.com/immersive-stream/xr
Microsoft Azure,2024-01-11,Magic Leap 2 with enterprise CloudXR reduces total cost of ownership 60% vs standalone workstations for each field technician.,Cloud_Rendering,407,Manufacturing,40,https://azure.microsoft.com/en-us/blog/intelligent-edge-innovation-across-data-iot-and-mixed-reality/
NVIDIA Blog,2024-01-12,Parsec for enterprise XR tested 500 concurrent cloud-rendered streams; median encoding latency 8ms on NVIDIA T4 GPUs.,Cloud_Rendering,395,Healthcare,75,https://blogs.nvidia.com/blog/cloudxr-sdk/
Microsoft Azure,2024-01-13,"NVIDIA CloudXR streams ray-traced XR content from RTX A6000 GPUs, enabling $300 AR glasses to render $5000 workstation-quality visuals.",Cloud_Rendering,875,Architecture,65,https://azure.microsoft.com/en-us/blog/intelligent-edge-innovation-across-data-iot-and-mixed-reality/
Microsoft Azure,2024-01-14,Remote rendering architectures scale GPU compute independently from headset count; 1 server supports 20 concurrent low-latency XR users.,Cloud_Rendering,194,Manufacturing,68,https://azure.microsoft.com/en-us/blog/intelligent-edge-innovation-across-data-iot-and-mixed-reality/
Varjo Docs,2024-01-15,"Google Stadia technology adapted for XR reduces local device compute by 95%, extending battery life from 2 hours to 8 hours.",Cloud_Rendering,336,Healthcare,60,https://varjo.com/blog/get-to-know-the-varjo-xr-4-series-transforming-professional-workflows-with-highest-immersion-virtual-and-mixed-reality
Google Cloud,2024-01-16,"Pixel streaming with Unreal Engine 5 delivers photorealistic architectural walkthroughs to mobile AR, consuming 50 Mbps bandwidth.",Cloud_Rendering,827,Healthcare,50,https://cloud.google.com/immersive-stream/xr
Unreal Engine,2024-01-17,"CloudXR SDK supports H.264/H.265 adaptive streaming, degrading resolution gracefully when bandwidth drops below 30 Mbps.",Cloud_Rendering,440,Defense,79,https://www.unrealengine.com/en-US/xr
Google Cloud,2024-01-18,"Microsoft Remote Rendering service processed 1M XR rendering hours in Azure, supporting global AEC industry CAD visualization.",Cloud_Rendering,336,Architecture,50,https://cloud.google.com/immersive-stream/xr
Google Cloud,2024-01-19,Frame reprojection at 120Hz on device masks network jitter; perceived latency remains <20ms even with 40ms server roundtrip.,Cloud_Rendering,226,Healthcare,75,https://cloud.google.com/immersive-stream/xr
Microsoft Azure,2024-01-20,NVIDIA Omniverse Cloud renders collaborative XR design reviews with 100+ participants viewing shared 100GB USD scenes.,Cloud_Rendering,503,Manufacturing,78,https://azure.microsoft.com/en-us/blog/intelligent-edge-innovation-across-data-iot-and-mixed-reality/
Google Cloud,2024-01-21,"Varjo VR-3 with CloudXR achieves 28 pixels-per-degree fidelity impossible with mobile SoCs, enabling surgical simulation training.",Cloud_Rendering,864,Defense,79,https://cloud.google.com/immersive-stream/xr
NVIDIA Blog,2024-01-22,"Cloud-rendered XR eliminates 'pilot purgatory'; IT deploys server-side updates instantly to 10,000 headsets without firmware flashing.",Cloud_Rendering,309,Architecture,74,https://blogs.nvidia.com/blog/cloudxr-sdk/
Microsoft Azure,2024-01-23,Magic Leap 2 with enterprise CloudXR reduces total cost of ownership 60% vs standalone workstations for each field technician.,Cloud_Rendering,590,Automotive,73,https://azure.microsoft.com/en-us/blog/intelligent-edge-innovation-across-data-iot-and-mixed-reality/
NVIDIA Blog,2024-01-24,Parsec for enterprise XR tested 500 concurrent cloud-rendered streams; median encoding latency 8ms on NVIDIA T4 GPUs.,Cloud_Rendering,274,Manufacturing,63,https://blogs.nvidia.com/blog/cloudxr-sdk/
Unreal Engine,2024-01-25,"NVIDIA CloudXR streams ray-traced XR content from RTX A6000 GPUs, enabling $300 AR glasses to render $5000 workstation-quality visuals.",Cloud_Rendering,806,Healthcare,61,https://www.unrealengine.com/en-US/xr
Microsoft Azure,2024-01-26,Remote rendering architectures scale GPU compute independently from headset count; 1 server supports 20 concurrent low-latency XR users.,Cloud_Rendering,934,Healthcare,44,https://azure.microsoft.com/en-us/blog/intelligent-edge-innovation-across-data-iot-and-mixed-reality/
Unreal Engine,2024-01-27,"Google Stadia technology adapted for XR reduces local device compute by 95%, extending battery life from 2 hours to 8 hours.",Cloud_Rendering,471,Manufacturing,72,https://www.unrealengine.com/en-US/xr
Microsoft Azure,2024-01-28,"Pixel streaming with Unreal Engine 5 delivers photorealistic architectural walkthroughs to mobile AR, consuming 50 Mbps bandwidth.",Cloud_Rendering,462,Healthcare,75,https://azure.microsoft.com/en-us/blog/intelligent-edge-innovation-across-data-iot-and-mixed-reality/
Varjo Docs,2024-01-29,"CloudXR SDK supports H.264/H.265 adaptive streaming, degrading resolution gracefully when bandwidth drops below 30 Mbps.",Cloud_Rendering,248,Defense,59,https://varjo.com/blog/get-to-know-the-varjo-xr-4-series-transforming-professional-workflows-with-highest-immersion-virtual-and-mixed-reality
Google Cloud,2024-01-30,"Microsoft Remote Rendering service processed 1M XR rendering hours in Azure, supporting global AEC industry CAD visualization.",Cloud_Rendering,839,Architecture,58,https://cloud.google.com/immersive-stream/xr
Varjo Docs,2024-01-31,Frame reprojection at 120Hz on device masks network jitter; perceived latency remains <20ms even with 40ms server roundtrip.,Cloud_Rendering,190,Defense,74,https://varjo.com/blog/get-to-know-the-varjo-xr-4-series-transforming-professional-workflows-with-highest-immersion-virtual-and-mixed-reality
Unreal Engine,2024-02-01,NVIDIA Omniverse Cloud renders collaborative XR design reviews with 100+ participants viewing shared 100GB USD scenes.,Cloud_Rendering,433,Healthcare,56,https://www.unrealengine.com/en-US/xr
Google Cloud,2024-02-02,"Varjo VR-3 with CloudXR achieves 28 pixels-per-degree fidelity impossible with mobile SoCs, enabling surgical simulation training.",Cloud_Rendering,729,Automotive,73,https://cloud.google.com/immersive-stream/xr
Microsoft Azure,2024-02-03,"Cloud-rendered XR eliminates 'pilot purgatory'; IT deploys server-side updates instantly to 10,000 headsets without firmware flashing.",Cloud_Rendering,313,Architecture,48,https://azure.microsoft.com/en-us/blog/intelligent-edge-innovation-across-data-iot-and-mixed-reality/
Google Cloud,2024-02-04,Magic Leap 2 with enterprise CloudXR reduces total cost of ownership 60% vs standalone workstations for each field technician.,Cloud_Rendering,891,Architecture,65,https://cloud.google.com/immersive-stream/xr
NVIDIA Blog,2024-02-05,Parsec for enterprise XR tested 500 concurrent cloud-rendered streams; median encoding latency 8ms on NVIDIA T4 GPUs.,Cloud_Rendering,202,Manufacturing,41,https://blogs.nvidia.com/blog/cloudxr-sdk/
Google Cloud,2024-02-06,"NVIDIA CloudXR streams ray-traced XR content from RTX A6000 GPUs, enabling $300 AR glasses to render $5000 workstation-quality visuals.",Cloud_Rendering,525,Manufacturing,48,https://cloud.google.com/immersive-stream/xr
NVIDIA Blog,2024-02-07,Remote rendering architectures scale GPU compute independently from headset count; 1 server supports 20 concurrent low-latency XR users.,Cloud_Rendering,481,Automotive,48,https://blogs.nvidia.com/blog/cloudxr-sdk/
Google Cloud,2024-02-08,"Google Stadia technology adapted for XR reduces local device compute by 95%, extending battery life from 2 hours to 8 hours.",Cloud_Rendering,542,Architecture,79,https://cloud.google.com/immersive-stream/xr
NVIDIA Blog,2024-02-09,"Pixel streaming with Unreal Engine 5 delivers photorealistic architectural walkthroughs to mobile AR, consuming 50 Mbps bandwidth.",Cloud_Rendering,575,Automotive,56,https://blogs.nvidia.com/blog/cloudxr-sdk/
Unreal Engine,2024-02-10,"CloudXR SDK supports H.264/H.265 adaptive streaming, degrading resolution gracefully when bandwidth drops below 30 Mbps.",Cloud_Rendering,397,Manufacturing,40,https://www.unrealengine.com/en-US/xr
Varjo Docs,2024-02-11,"Microsoft Remote Rendering service processed 1M XR rendering hours in Azure, supporting global AEC industry CAD visualization.",Cloud_Rendering,320,Manufacturing,64,https://varjo.com/blog/get-to-know-the-varjo-xr-4-series-transforming-professional-workflows-with-highest-immersion-virtual-and-mixed-reality
Microsoft Azure,2024-02-12,Frame reprojection at 120Hz on device masks network jitter; perceived latency remains <20ms even with 40ms server roundtrip.,Cloud_Rendering,795,Architecture,79,https://azure.microsoft.com/en-us/blog/intelligent-edge-innovation-across-data-iot-and-mixed-reality/
Google Cloud,2024-02-13,NVIDIA Omniverse Cloud renders collaborative XR design reviews with 100+ participants viewing shared 100GB USD scenes.,Cloud_Rendering,389,Defense,64,https://cloud.google.com/immersive-stream/xr
Varjo Docs,2024-02-14,"Varjo VR-3 with CloudXR achieves 28 pixels-per-degree fidelity impossible with mobile SoCs, enabling surgical simulation training.",Cloud_Rendering,802,Healthcare,78,https://varjo.com/blog/get-to-know-the-varjo-xr-4-series-transforming-professional-workflows-with-highest-immersion-virtual-and-mixed-reality
Microsoft Azure,2024-02-15,"Cloud-rendered XR eliminates 'pilot purgatory'; IT deploys server-side updates instantly to 10,000 headsets without firmware flashing.",Cloud_Rendering,795,Manufacturing,74,https://azure.microsoft.com/en-us/blog/intelligent-edge-innovation-across-data-iot-and-mixed-reality/
Microsoft Azure,2024-02-16,Magic Leap 2 with enterprise CloudXR reduces total cost of ownership 60% vs standalone workstations for each field technician.,Cloud_Rendering,862,Manufacturing,42,https://azure.microsoft.com/en-us/blog/intelligent-edge-innovation-across-data-iot-and-mixed-reality/
NVIDIA Blog,2024-02-17,Parsec for enterprise XR tested 500 concurrent cloud-rendered streams; median encoding latency 8ms on NVIDIA T4 GPUs.,Cloud_Rendering,639,Defense,76,https://blogs.nvidia.com/blog/cloudxr-sdk/
Unreal Engine,2024-02-18,"NVIDIA CloudXR streams ray-traced XR content from RTX A6000 GPUs, enabling $300 AR glasses to render $5000 workstation-quality visuals.",Cloud_Rendering,535,Defense,69,https://www.unrealengine.com/en-US/xr
Unreal Engine,2024-02-19,Remote rendering architectures scale GPU compute independently from headset count; 1 server supports 20 concurrent low-latency XR users.,Cloud_Rendering,503,Automotive,77,https://www.unrealengine.com/en-US/xr
Varjo Docs,2024-02-20,"Google Stadia technology adapted for XR reduces local device compute by 95%, extending battery life from 2 hours to 8 hours.",Cloud_Rendering,312,Automotive,73,https://varjo.com/blog/get-to-know-the-varjo-xr-4-series-transforming-professional-workflows-with-highest-immersion-virtual-and-mixed-reality
Unreal Engine,2024-02-21,"Pixel streaming with Unreal Engine 5 delivers photorealistic architectural walkthroughs to mobile AR, consuming 50 Mbps bandwidth.",Cloud_Rendering,306,Healthcare,51,https://www.unrealengine.com/en-US/xr
Google Cloud,2024-02-22,"CloudXR SDK supports H.264/H.265 adaptive streaming, degrading resolution gracefully when bandwidth drops below 30 Mbps.",Cloud_Rendering,285,Healthcare,58,https://cloud.google.com/immersive-stream/xr
Unreal Engine,2024-02-23,"Microsoft Remote Rendering service processed 1M XR rendering hours in Azure, supporting global AEC industry CAD visualization.",Cloud_Rendering,783,Architecture,76,https://www.unrealengine.com/en-US/xr
Varjo Docs,2024-02-24,Frame reprojection at 120Hz on device masks network jitter; perceived latency remains <20ms even with 40ms server roundtrip.,Cloud_Rendering,557,Automotive,56,https://varjo.com/blog/get-to-know-the-varjo-xr-4-series-transforming-professional-workflows-with-highest-immersion-virtual-and-mixed-reality
Unreal Engine,2024-02-25,NVIDIA Omniverse Cloud renders collaborative XR design reviews with 100+ participants viewing shared 100GB USD scenes.,Cloud_Rendering,230,Manufacturing,49,https://www.unrealengine.com/en-US/xr
Google Cloud,2024-02-26,"Varjo VR-3 with CloudXR achieves 28 pixels-per-degree fidelity impossible with mobile SoCs, enabling surgical simulation training.",Cloud_Rendering,208,Automotive,51,https://cloud.google.com/immersive-stream/xr
NVIDIA Blog,2024-02-27,"Cloud-rendered XR eliminates 'pilot purgatory'; IT deploys server-side updates instantly to 10,000 headsets without firmware flashing.",Cloud_Rendering,641,Manufacturing,55,https://blogs.nvidia.com/blog/cloudxr-sdk/
Varjo Docs,2024-02-28,Magic Leap 2 with enterprise CloudXR reduces total cost of ownership 60% vs standalone workstations for each field technician.,Cloud_Rendering,475,Defense,63,https://varjo.com/blog/get-to-know-the-varjo-xr-4-series-transforming-professional-workflows-with-highest-immersion-virtual-and-mixed-reality
NVIDIA Blog,2024-02-29,Parsec for enterprise XR tested 500 concurrent cloud-rendered streams; median encoding latency 8ms on NVIDIA T4 GPUs.,Cloud_Rendering,476,Automotive,58,https://blogs.nvidia.com/blog/cloudxr-sdk/
NVIDIA Blog,2024-03-01,"NVIDIA CloudXR streams ray-traced XR content from RTX A6000 GPUs, enabling $300 AR glasses to render $5000 workstation-quality visuals.",Cloud_Rendering,905,Defense,47,https://blogs.nvidia.com/blog/cloudxr-sdk/
NVIDIA Blog,2024-03-02,Remote rendering architectures scale GPU compute independently from headset count; 1 server supports 20 concurrent low-latency XR users.,Cloud_Rendering,586,Healthcare,70,https://blogs.nvidia.com/blog/cloudxr-sdk/
Microsoft Azure,2024-03-03,"Google Stadia technology adapted for XR reduces local device compute by 95%, extending battery life from 2 hours to 8 hours.",Cloud_Rendering,948,Healthcare,60,https://azure.microsoft.com/en-us/blog/intelligent-edge-innovation-across-data-iot-and-mixed-reality/
Microsoft Azure,2024-03-04,"Pixel streaming with Unreal Engine 5 delivers photorealistic architectural walkthroughs to mobile AR, consuming 50 Mbps bandwidth.",Cloud_Rendering,792,Architecture,56,https://azure.microsoft.com/en-us/blog/intelligent-edge-innovation-across-data-iot-and-mixed-reality/
NVIDIA Blog,2024-03-05,"CloudXR SDK supports H.264/H.265 adaptive streaming, degrading resolution gracefully when bandwidth drops below 30 Mbps.",Cloud_Rendering,584,Automotive,62,https://blogs.nvidia.com/blog/cloudxr-sdk/
Varjo Docs,2024-03-06,"Microsoft Remote Rendering service processed 1M XR rendering hours in Azure, supporting global AEC industry CAD visualization.",Cloud_Rendering,525,Defense,76,https://varjo.com/blog/get-to-know-the-varjo-xr-4-series-transforming-professional-workflows-with-highest-immersion-virtual-and-mixed-reality
Google Cloud,2024-03-07,Frame reprojection at 120Hz on device masks network jitter; perceived latency remains <20ms even with 40ms server roundtrip.,Cloud_Rendering,801,Manufacturing,55,https://cloud.google.com/immersive-stream/xr
Google Cloud,2024-03-08,NVIDIA Omniverse Cloud renders collaborative XR design reviews with 100+ participants viewing shared 100GB USD scenes.,Cloud_Rendering,599,Healthcare,45,https://cloud.google.com/immersive-stream/xr
Unreal Engine,2024-03-09,"Varjo VR-3 with CloudXR achieves 28 pixels-per-degree fidelity impossible with mobile SoCs, enabling surgical simulation training.",Cloud_Rendering,361,Healthcare,47,https://www.unrealengine.com/en-US/xr
Varjo Docs,2024-03-10,"Cloud-rendered XR eliminates 'pilot purgatory'; IT deploys server-side updates instantly to 10,000 headsets without firmware flashing.",Cloud_Rendering,180,Manufacturing,64,https://varjo.com/blog/get-to-know-the-varjo-xr-4-series-transforming-professional-workflows-with-highest-immersion-virtual-and-mixed-reality
Microsoft Azure,2024-03-11,Magic Leap 2 with enterprise CloudXR reduces total cost of ownership 60% vs standalone workstations for each field technician.,Cloud_Rendering,746,Defense,57,https://azure.microsoft.com/en-us/blog/intelligent-edge-innovation-across-data-iot-and-mixed-reality/
NVIDIA Blog,2024-03-12,Parsec for enterprise XR tested 500 concurrent cloud-rendered streams; median encoding latency 8ms on NVIDIA T4 GPUs.,Cloud_Rendering,550,Defense,64,https://blogs.nvidia.com/blog/cloudxr-sdk/
Unreal Engine,2024-03-13,"NVIDIA CloudXR streams ray-traced XR content from RTX A6000 GPUs, enabling $300 AR glasses to render $5000 workstation-quality visuals.",Cloud_Rendering,840,Automotive,51,https://www.unrealengine.com/en-US/xr
Google Cloud,2024-03-14,Remote rendering architectures scale GPU compute independently from headset count; 1 server supports 20 concurrent low-latency XR users.,Cloud_Rendering,610,Automotive,54,https://cloud.google.com/immersive-stream/xr
Microsoft Azure,2024-03-15,"Google Stadia technology adapted for XR reduces local device compute by 95%, extending battery life from 2 hours to 8 hours.",Cloud_Rendering,488,Architecture,65,https://azure.microsoft.com/en-us/blog/intelligent-edge-innovation-across-data-iot-and-mixed-reality/
Microsoft Azure,2024-03-16,"Pixel streaming with Unreal Engine 5 delivers photorealistic architectural walkthroughs to mobile AR, consuming 50 Mbps bandwidth.",Cloud_Rendering,316,Healthcare,65,https://azure.microsoft.com/en-us/blog/intelligent-edge-innovation-across-data-iot-and-mixed-reality/
NVIDIA Blog,2024-03-17,"CloudXR SDK supports H.264/H.265 adaptive streaming, degrading resolution gracefully when bandwidth drops below 30 Mbps.",Cloud_Rendering,381,Automotive,71,https://blogs.nvidia.com/blog/cloudxr-sdk/
Google Cloud,2024-03-18,"Microsoft Remote Rendering service processed 1M XR rendering hours in Azure, supporting global AEC industry CAD visualization.",Cloud_Rendering,615,Defense,49,https://cloud.google.com/immersive-stream/xr
Varjo Docs,2024-03-19,Frame reprojection at 120Hz on device masks network jitter; perceived latency remains <20ms even with 40ms server roundtrip.,Cloud_Rendering,492,Manufacturing,55,https://varjo.com/blog/get-to-know-the-varjo-xr-4-series-transforming-professional-workflows-with-highest-immersion-virtual-and-mixed-reality
Microsoft Azure,2024-03-20,NVIDIA Omniverse Cloud renders collaborative XR design reviews with 100+ participants viewing shared 100GB USD scenes.,Cloud_Rendering,296,Defense,46,https://azure.microsoft.com/en-us/blog/intelligent-edge-innovation-across-data-iot-and-mixed-reality/
NVIDIA Blog,2024-03-21,"Varjo VR-3 with CloudXR achieves 28 pixels-per-degree fidelity impossible with mobile SoCs, enabling surgical simulation training.",Cloud_Rendering,845,Healthcare,56,https://blogs.nvidia.com/blog/cloudxr-sdk/
Varjo Docs,2024-03-22,"Cloud-rendered XR eliminates 'pilot purgatory'; IT deploys server-side updates instantly to 10,000 headsets without firmware flashing.",Cloud_Rendering,754,Defense,62,https://varjo.com/blog/get-to-know-the-varjo-xr-4-series-transforming-professional-workflows-with-highest-immersion-virtual-and-mixed-reality
Google Cloud,2024-03-23,Magic Leap 2 with enterprise CloudXR reduces total cost of ownership 60% vs standalone workstations for each field technician.,Cloud_Rendering,423,Architecture,65,https://cloud.google.com/immersive-stream/xr
Microsoft Azure,2024-03-24,Parsec for enterprise XR tested 500 concurrent cloud-rendered streams; median encoding latency 8ms on NVIDIA T4 GPUs.,Cloud_Rendering,716,Healthcare,60,https://azure.microsoft.com/en-us/blog/intelligent-edge-innovation-across-data-iot-and-mixed-reality/
Varjo Docs,2024-03-25,"NVIDIA CloudXR streams ray-traced XR content from RTX A6000 GPUs, enabling $300 AR glasses to render $5000 workstation-quality visuals.",Cloud_Rendering,781,Manufacturing,61,https://varjo.com/blog/get-to-know-the-varjo-xr-4-series-transforming-professional-workflows-with-highest-immersion-virtual-and-mixed-reality
Varjo Docs,2024-03-26,Remote rendering architectures scale GPU compute independently from headset count; 1 server supports 20 concurrent low-latency XR users.,Cloud_Rendering,254,Architecture,46,https://varjo.com/blog/get-to-know-the-varjo-xr-4-series-transforming-professional-workflows-with-highest-immersion-virtual-and-mixed-reality
Varjo Docs,2024-03-27,"Google Stadia technology adapted for XR reduces local device compute by 95%, extending battery life from 2 hours to 8 hours.",Cloud_Rendering,565,Healthcare,53,https://varjo.com/blog/get-to-know-the-varjo-xr-4-series-transforming-professional-workflows-with-highest-immersion-virtual-and-mixed-reality
Microsoft Azure,2024-03-28,"Pixel streaming with Unreal Engine 5 delivers photorealistic architectural walkthroughs to mobile AR, consuming 50 Mbps bandwidth.",Cloud_Rendering,389,Manufacturing,54,https://azure.microsoft.com/en-us/blog/intelligent-edge-innovation-across-data-iot-and-mixed-reality/
Microsoft Azure,2024-03-29,"CloudXR SDK supports H.264/H.265 adaptive streaming, degrading resolution gracefully when bandwidth drops below 30 Mbps.",Cloud_Rendering,654,Architecture,46,https://azure.microsoft.com/en-us/blog/intelligent-edge-innovation-across-data-iot-and-mixed-reality/
Unreal Engine,2024-03-30,"Microsoft Remote Rendering service processed 1M XR rendering hours in Azure, supporting global AEC industry CAD visualization.",Cloud_Rendering,597,Architecture,48,https://www.unrealengine.com/en-US/xr
Google Cloud,2024-03-31,Frame reprojection at 120Hz on device masks network jitter; perceived latency remains <20ms even with 40ms server roundtrip.,Cloud_Rendering,526,Healthcare,47,https://cloud.google.com/immersive-stream/xr
NVIDIA Blog,2024-04-01,NVIDIA Omniverse Cloud renders collaborative XR design reviews with 100+ participants viewing shared 100GB USD scenes.,Cloud_Rendering,708,Automotive,62,https://blogs.nvidia.com/blog/cloudxr-sdk/
Varjo Docs,2024-04-02,"Varjo VR-3 with CloudXR achieves 28 pixels-per-degree fidelity impossible with mobile SoCs, enabling surgical simulation training.",Cloud_Rendering,819,Architecture,68,https://varjo.com/blog/get-to-know-the-varjo-xr-4-series-transforming-professional-workflows-with-highest-immersion-virtual-and-mixed-reality
Unreal Engine,2024-04-03,"Cloud-rendered XR eliminates 'pilot purgatory'; IT deploys server-side updates instantly to 10,000 headsets without firmware flashing.",Cloud_Rendering,942,Architecture,57,https://www.unrealengine.com/en-US/xr
NVIDIA Blog,2024-04-04,Magic Leap 2 with enterprise CloudXR reduces total cost of ownership 60% vs standalone workstations for each field technician.,Cloud_Rendering,358,Manufacturing,70,https://blogs.nvidia.com/blog/cloudxr-sdk/
Unreal Engine,2024-04-05,Parsec for enterprise XR tested 500 concurrent cloud-rendered streams; median encoding latency 8ms on NVIDIA T4 GPUs.,Cloud_Rendering,361,Defense,69,https://www.unrealengine.com/en-US/xr
Microsoft Azure,2024-04-06,"NVIDIA CloudXR streams ray-traced XR content from RTX A6000 GPUs, enabling $300 AR glasses to render $5000 workstation-quality visuals.",Cloud_Rendering,843,Healthcare,78,https://azure.microsoft.com/en-us/blog/intelligent-edge-innovation-across-data-iot-and-mixed-reality/
Varjo Docs,2024-04-07,Remote rendering architectures scale GPU compute independently from headset count; 1 server supports 20 concurrent low-latency XR users.,Cloud_Rendering,204,Healthcare,74,https://varjo.com/blog/get-to-know-the-varjo-xr-4-series-transforming-professional-workflows-with-highest-immersion-virtual-and-mixed-reality
NVIDIA Blog,2024-04-08,"Google Stadia technology adapted for XR reduces local device compute by 95%, extending battery life from 2 hours to 8 hours.",Cloud_Rendering,359,Automotive,57,https://blogs.nvidia.com/blog/cloudxr-sdk/
NVIDIA Blog,2024-04-09,"Pixel streaming with Unreal Engine 5 delivers photorealistic architectural walkthroughs to mobile AR, consuming 50 Mbps bandwidth.",Cloud_Rendering,889,Automotive,78,https://blogs.nvidia.com/blog/cloudxr-sdk/
NVIDIA Blog,2024-04-10,"CloudXR SDK supports H.264/H.265 adaptive streaming, degrading resolution gracefully when bandwidth drops below 30 Mbps.",Cloud_Rendering,680,Healthcare,56,https://blogs.nvidia.com/blog/cloudxr-sdk/
NVIDIA Blog,2024-04-11,"Microsoft Remote Rendering service processed 1M XR rendering hours in Azure, supporting global AEC industry CAD visualization.",Cloud_Rendering,340,Automotive,53,https://blogs.nvidia.com/blog/cloudxr-sdk/
NVIDIA Blog,2024-04-12,Frame reprojection at 120Hz on device masks network jitter; perceived latency remains <20ms even with 40ms server roundtrip.,Cloud_Rendering,356,Manufacturing,70,https://blogs.nvidia.com/blog/cloudxr-sdk/
Unreal Engine,2024-04-13,NVIDIA Omniverse Cloud renders collaborative XR design reviews with 100+ participants viewing shared 100GB USD scenes.,Cloud_Rendering,464,Healthcare,63,https://www.unrealengine.com/en-US/xr
Varjo Docs,2024-04-14,"Varjo VR-3 with CloudXR achieves 28 pixels-per-degree fidelity impossible with mobile SoCs, enabling surgical simulation training.",Cloud_Rendering,242,Automotive,74,https://varjo.com/blog/get-to-know-the-varjo-xr-4-series-transforming-professional-workflows-with-highest-immersion-virtual-and-mixed-reality
Microsoft Azure,2024-04-15,"Cloud-rendered XR eliminates 'pilot purgatory'; IT deploys server-side updates instantly to 10,000 headsets without firmware flashing.",Cloud_Rendering,841,Healthcare,73,https://azure.microsoft.com/en-us/blog/intelligent-edge-innovation-across-data-iot-and-mixed-reality/
Microsoft Azure,2024-04-16,Magic Leap 2 with enterprise CloudXR reduces total cost of ownership 60% vs standalone workstations for each field technician.,Cloud_Rendering,845,Defense,42,https://azure.microsoft.com/en-us/blog/intelligent-edge-innovation-across-data-iot-and-mixed-reality/
Microsoft Azure,2024-04-17,Parsec for enterprise XR tested 500 concurrent cloud-rendered streams; median encoding latency 8ms on NVIDIA T4 GPUs.,Cloud_Rendering,335,Architecture,76,https://azure.microsoft.com/en-us/blog/intelligent-edge-innovation-across-data-iot-and-mixed-reality/
Microsoft Azure,2024-04-18,"NVIDIA CloudXR streams ray-traced XR content from RTX A6000 GPUs, enabling $300 AR glasses to render $5000 workstation-quality visuals.",Cloud_Rendering,648,Healthcare,79,https://azure.microsoft.com/en-us/blog/intelligent-edge-innovation-across-data-iot-and-mixed-reality/
Unreal Engine,2024-04-19,Remote rendering architectures scale GPU compute independently from headset count; 1 server supports 20 concurrent low-latency XR users.,Cloud_Rendering,228,Architecture,65,https://www.unrealengine.com/en-US/xr
Google Cloud,2024-04-20,"Google Stadia technology adapted for XR reduces local device compute by 95%, extending battery life from 2 hours to 8 hours.",Cloud_Rendering,263,Automotive,62,https://cloud.google.com/immersive-stream/xr
Varjo Docs,2024-04-21,"Pixel streaming with Unreal Engine 5 delivers photorealistic architectural walkthroughs to mobile AR, consuming 50 Mbps bandwidth.",Cloud_Rendering,540,Architecture,78,https://varjo.com/blog/get-to-know-the-varjo-xr-4-series-transforming-professional-workflows-with-highest-immersion-virtual-and-mixed-reality
NVIDIA Blog,2024-04-22,"CloudXR SDK supports H.264/H.265 adaptive streaming, degrading resolution gracefully when bandwidth drops below 30 Mbps.",Cloud_Rendering,868,Healthcare,54,https://blogs.nvidia.com/blog/cloudxr-sdk/
Google Cloud,2024-04-23,"Microsoft Remote Rendering service processed 1M XR rendering hours in Azure, supporting global AEC industry CAD visualization.",Cloud_Rendering,327,Defense,43,https://cloud.google.com/immersive-stream/xr
Microsoft Azure,2024-04-24,Frame reprojection at 120Hz on device masks network jitter; perceived latency remains <20ms even with 40ms server roundtrip.,Cloud_Rendering,809,Automotive,68,https://azure.microsoft.com/en-us/blog/intelligent-edge-innovation-across-data-iot-and-mixed-reality/
Google Cloud,2024-04-25,NVIDIA Omniverse Cloud renders collaborative XR design reviews with 100+ participants viewing shared 100GB USD scenes.,Cloud_Rendering,521,Healthcare,61,https://cloud.google.com/immersive-stream/xr
Varjo Docs,2024-04-26,"Varjo VR-3 with CloudXR achieves 28 pixels-per-degree fidelity impossible with mobile SoCs, enabling surgical simulation training.",Cloud_Rendering,655,Automotive,64,https://varjo.com/blog/get-to-know-the-varjo-xr-4-series-transforming-professional-workflows-with-highest-immersion-virtual-and-mixed-reality
NVIDIA Blog,2024-04-27,"Cloud-rendered XR eliminates 'pilot purgatory'; IT deploys server-side updates instantly to 10,000 headsets without firmware flashing.",Cloud_Rendering,242,Manufacturing,52,https://blogs.nvidia.com/blog/cloudxr-sdk/
NVIDIA Blog,2024-04-28,Magic Leap 2 with enterprise CloudXR reduces total cost of ownership 60% vs standalone workstations for each field technician.,Cloud_Rendering,880,Architecture,57,https://blogs.nvidia.com/blog/cloudxr-sdk/
Varjo Docs,2024-04-29,Parsec for enterprise XR tested 500 concurrent cloud-rendered streams; median encoding latency 8ms on NVIDIA T4 GPUs.,Cloud_Rendering,539,Manufacturing,72,https://varjo.com/blog/get-to-know-the-varjo-xr-4-series-transforming-professional-workflows-with-highest-immersion-virtual-and-mixed-reality
