sentence,neg,neu,pos,compound,label
"Raw Collected Text (XR: Present State of Maturity)

SOURCE: xrinsightslab.com/xr-adoption-2025
""Extended Reality technologies have moved beyond experimentation and are now being incorporated into structured pilot programs across major industries.",0.0,,1.0,0.6,positive
"Organizations are increasingly recognizing XR's value in operational efficiency, training enhancement, and workflow augmentation.",0.0,,0.0,0.0,neutral
"The maturity of XR deployment varies widely, with manufacturing, healthcare, and enterprise training emerging as frontrunner sectors due to strong measurable ROI and clearer implementation pathways.",0.0,,1.0,0.6,positive
"A key development in the present maturity of XR is the shift from standalone immersive tools to integrated XR ecosystems supported by cloud rendering, device interoperability improvements, and AI-driven content automation.",0.0,,4.0,0.6,positive
"However, the report highlights that while XR is maturing rapidly, large-scale enterprise adoption remains constrained by hardware costs, a shortage of specialized developers, and uneven digital infrastructure readiness.""

SOURCE: industrytechreview.com/enterprise-xr-maturity
""Enterprise XR adoption is entering a new phase characterized by formalization of use cases rather than experimentation.",2.0,,1.0,-0.6,negative
Organizations that once treated XR as an emerging technology are now treating it as a standardized part of training and simulation workflows.,0.0,,0.0,0.0,neutral
"Surveyed enterprise leaders report that XR solutions are proving especially effective in scenarios requiring high information density, such as technical maintenance guidance, worker onboarding, and industrial safety compliance.",0.0,,0.0,0.0,neutral
"The maturity of XR technology is supported by improved device reliability, better environmental tracking, and the introduction of cross-platform XR frameworks.",0.0,,3.0,0.6,positive
Yet challenges persist: enterprises cite integration with existing IT systems and measuring long-term impact as key obstacles.,2.0,,0.0,-0.6,negative
"In this stage of maturity, XR is considered stable enough for operational use but still evolving toward full ecosystem standardization.""

SOURCE: arxiv.org/abs/2501.01922
""In assessing the technological maturity of XR systems, this study identifies several indicators suggesting that XR has progressed from experimental deployments into practical applied contexts.",0.0,,2.0,0.6,positive
"Results from multi-institutional evaluations show that XR systems demonstrate sufficient stability for controlled training environments, particularly in healthcare simulations and engineering design tasks.",0.0,,0.0,0.0,neutral
"However, the study also notes that reproducibility across contexts remains a limiting factor, largely due to variability in tracking systems, hardware performance, and environmental calibration.",0.0,,0.0,0.0,neutral
"The findings indicate that XR maturity is inconsistent: while some domains achieve near-production reliability, others face systemic constraints requiring further research.",0.0,,1.0,0.6,positive
"The authors emphasize the need for larger datasets and standardized evaluation benchmarks to strengthen XR system robustness, a necessary step in advancing XR from early-stage maturity toward fully validated real-world deployment.""

SOURCE: ieeevr.org/2025/program/research
""Recent research presented at IEEE VR 2025 reflects rapid progress in XR system performance, interaction models, and rendering optimization.",0.0,,2.0,0.6,positive
"Several studies demonstrate improved passthrough mixed reality quality, reduced motion latency, and more accurate occlusion handling, all of which contribute to XR's current maturity trajectory.",0.0,,2.0,0.6,positive
"Research prototypes showcased at the conference illustrate that XR technologies are moving closer to real-world applicability, supported by advancements in haptics, AI-driven spatial understanding, and lightweight rendering pipelines.",0.0,,2.0,0.6,positive
"Despite these improvements, multiple papers highlight persistent issues related to device ergonomics, prolonged-use comfort, and environmental variability.",0.0,,2.0,0.6,positive
"The conference consensus suggests that XR is in a state of advancing maturity: capable of supporting demanding tasks in controlled conditions but requiring more refinement for unreliable or dynamic environments.""

SOURCE: linkedin.com/posts/xr-hardware-status-2025
""XR hardware has reached a point where devices can support 30-minute to one-hour sessions without significant discomfort.",0.0,,4.0,0.6,positive
"Manufacturers have improved thermal performance, display clarity, and tracking stability, which contributes to the present maturity of XR devices.",0.0,,2.0,0.6,positive
"Nevertheless, the post notes that enterprise users still report concerns about battery life, device weight during extended sessions, and the cost of adopting newer generation hardware.",3.0,,0.0,-0.6,negative
"Overall, the author concludes that XR hardware is entering a reliable stage of maturity but has not yet achieved mainstream comfort standards.""

SOURCE: linkedin.com/pulse/xr-maturity-2025-analysis
""XR is transitioning from early adoption into structured enterprise integration.",0.0,,2.0,0.6,positive
Use cases that once required extensive configuration now operate reliably through standardized software workflows.,0.0,,0.0,0.0,neutral
The maturity of XR is most visible in the rise of specialized deployment teams within enterprises and the emergence of XR centers of excellence.,0.0,,1.0,0.6,positive
"However, the author stresses that differing platform ecosystems and inconsistent developer tooling continue to slow XR's progression toward full enterprise-wide adoption.",0.0,,0.0,0.0,neutral
"The post concludes that XR has reached an early-scale maturity phase: reliable enough for operational integration in certain business units, but still evolving toward broad organizational adoption.""

SOURCE: businessforum.meta.com/xr-maturity-discussions
""Users report that XR systems used in enterprise training exhibit stable performance and predictable behavior during guided support scenarios.",0.0,,4.0,0.6,positive
"Common observations include improved hand-tracking fidelity, more accurate room-scale mapping, and greater consistency in passthrough mixed-reality rendering.",0.0,,1.0,0.6,positive
"Despite these advancements, contributors point out that adoption barriers remain, including limited compatibility across hardware generations, high total cost of ownership, and a shortage of XR-trained technicians.",4.0,,1.0,-0.6,negative
"The forum consensus is that XR has reached a dependable level of maturity for specific structured workflows but still lacks seamless integration across broader enterprise ecosystems.""",1.0,,1.0,0.0,neutral
